-- phpMyAdmin SQL Dump
-- version 5.2.1
-- https://www.phpmyadmin.net/
--
-- Host: 127.0.0.1
-- Generation Time: May 30, 2025 at 10:23 PM
-- Server version: 10.4.32-MariaDB
-- PHP Version: 8.2.12

SET SQL_MODE = "NO_AUTO_VALUE_ON_ZERO";
START TRANSACTION;
SET time_zone = "+00:00";


/*!40101 SET @OLD_CHARACTER_SET_CLIENT=@@CHARACTER_SET_CLIENT */;
/*!40101 SET @OLD_CHARACTER_SET_RESULTS=@@CHARACTER_SET_RESULTS */;
/*!40101 SET @OLD_COLLATION_CONNECTION=@@COLLATION_CONNECTION */;
/*!40101 SET NAMES utf8mb4 */;

--
-- Database: `zabb4u`
--

-- --------------------------------------------------------

--
-- Table structure for table `comments`
--

CREATE TABLE `comments` (
  `id` int(11) NOT NULL,
  `post_id` int(11) DEFAULT NULL,
  `user_id` int(11) DEFAULT NULL,
  `content` text DEFAULT NULL,
  `created_at` timestamp NOT NULL DEFAULT current_timestamp()
) ENGINE=InnoDB DEFAULT CHARSET=utf8 COLLATE=utf8_general_ci;

--
-- Dumping data for table `comments`
--

INSERT INTO `comments` (`id`, `post_id`, `user_id`, `content`, `created_at`) VALUES
(34, 6, 9, '123', '2025-05-16 07:19:18'),
(35, 9, 9, 'fefe', '2025-05-16 07:30:12'),
(36, 9, 10, 'haha', '2025-05-16 07:32:40'),
(37, 9, 11, 'แค่ไหน', '2025-05-16 21:56:39');

-- --------------------------------------------------------

--
-- Table structure for table `contact`
--

CREATE TABLE `contact` (
  `id` int(11) NOT NULL,
  `restaurant_id` int(11) DEFAULT NULL,
  `phone` varchar(20) DEFAULT NULL,
  `facebook` varchar(255) DEFAULT NULL,
  `line` varchar(255) DEFAULT NULL
) ENGINE=InnoDB DEFAULT CHARSET=utf8 COLLATE=utf8_general_ci;

--
-- Dumping data for table `contact`
--

INSERT INTO `contact` (`id`, `restaurant_id`, `phone`, `facebook`, `line`) VALUES
(1, 19, '098-261-8029', 'Huen Muan Jai เฮือนม่วนใจ๋', NULL),
(4, 68, '081-882-8862', NULL, NULL),
(5, 69, '093-894-701', NULL, NULL),
(6, 70, NULL, 'เฮือนใจ๋ยอง hueangjaiyoung อาหารพื้นบ้าน', NULL),
(7, 71, '093-000-732', NULL, NULL),
(8, 72, '081-882-8978', 'ครัวอาจารย์สายหยุดแอนด์หมอทราย Saiyut & Doctor Sai kitchen', NULL),
(9, 73, '093-667-115', 'Singha Park Chiang Rai สิงห์ปาร์ค เชียงราย', NULL),
(10, 74, '094-511-654', 'ร้านลาบต้นข่อย', NULL),
(11, 21, '081-961-2235', 'ข้าวซอยแม่มณี', NULL),
(12, 23, '086-922-0140', 'ครัววันดี อาหารพื้นเมืองลำพูน', NULL),
(13, 24, '093-752-471', 'ครัววันน้ำเงี้ยวเชียงราย Byป้าสุข', NULL),
(14, 25, '098-261-8029', 'ถ้วยก๋าไก่ and View lover', NULL),
(15, 26, '054-43-1246', 'เรือนเจ้านาง จ.น่าน', NULL),
(16, 27, '086-398-5725', NULL, NULL),
(17, 28, '093-553-942', 'ดาวคะนองลำพูน Daokanong Lamphun', NULL),
(18, 75, '063 195 3241', 'บ้านเฮง ร้านอาหารเช้า และของฝากขอนแก่น', NULL),
(19, 76, '081 974 9853', 'ร้านอาหารประไพรสนามบิน ขอนแก่น', NULL),
(20, 77, '093 664 5622', 'ประสิทธิ์โภชนา ขอนแก่น', NULL),
(32, 89, '087 856 6877', 'ร้านโสเจ๊งโภชนา', NULL),
(33, 90, '083 288 7406', 'ก๋วยเตี๋ยวเนื้อเฮียจ่อย', NULL),
(34, 91, '086 646 5056', 'โจ๊ก ก๋วยจั๊บ ต้มเส้น บัตรคิว', NULL),
(35, 92, '043-243-413, 081-662', NULL, NULL),
(36, 93, '09-4364-9955', NULL, NULL),
(37, 94, '085 000 1668 ', 'คุณแจง ก๋วยเตี๋ยวปากหม้อเข้าวัง ', NULL),
(38, 95, '086-580-1259 ', NULL, NULL),
(39, 96, '081-544-2599 ', NULL, NULL),
(40, 97, '081-369-3297', 'ศรีเรือนผัดไทยไข่เป็ด พิษณุโลก', NULL),
(41, 98, '044-245-026 ', 'ลาบสมพิศตรอกจันทน์ ', NULL),
(42, 99, '044-244-588 , 083-40', 'อรุณีแหนมเนือง', NULL),
(43, 100, '099-442-2962 ', 'ครัวคุณนิด', NULL),
(44, 101, '098-696-9074', 'Baan Tepa Culinary Space', NULL),
(45, 102, ' 082-561-4691', 'AKKEE Thai Delicacies & Tasting Counter', NULL),
(46, 103, '02-650-9880, 062-534', 'Saneh Jaan', NULL),
(47, 104, '02-583-4540, 082-366', 'SuanThip', NULL),
(48, 105, '082-979-3950', 'Restaurant.Potong', NULL),
(49, 106, '062-264-4236', 'ร้านอาหารบ้านผู้การ จ.อยุธยา', NULL),
(50, 107, '084-455-6145', 'ปลาดิษฐ์ อาหารทะเลพื้นถิ่น จากเรือเล็กชาวประมง', NULL),
(51, 108, '084-424-707, 062-242', 'ร้านอาหารเรือนปั้นหยา สมุทรสาคร', NULL),
(52, 109, '02-952-9992', 'ร้านอาหารแกงป่าลุงสง่า', NULL),
(53, 110, '086-089-1692', 'ครัวลุงแฉ่ว', NULL),
(54, 111, '091-424-4292', 'Bangkok Bold Kitchen', NULL),
(55, 112, '092-441-6547', 'KHAAN Bangkok', NULL),
(56, 113, '097-293-5549', 'Nusara - นุสรา', NULL),
(57, 114, '062-169-6591', 'แสงท่าเตียน', NULL),
(58, 115, '061 162 5269', 'สมุทร Phuket', NULL),
(59, 116, '061 162 5269', NULL, NULL),
(60, 117, '076 679 588', 'Juumpo Family Recipes', NULL),
(61, 118, '094 593 2289', 'Dish-aholics ติดจาน', NULL),
(62, 119, '077-822-964', NULL, NULL),
(63, 120, '086 691 5966', 'ร้านสะเต๊ะเมืองพังงา คุณทิพย์', NULL),
(64, 121, '093 650 5936', 'สบียงเล ละไม Sabienglae Restaurant Lamai', NULL),
(65, 122, '074 723 012', 'ร้านน้องณีในตัวเมือง ใกล้ศาลจังหวัดสตูล', NULL),
(66, 123, '076 218 155', 'RAYA ระย้า ภูเก็ต', NULL),
(67, 124, '091 747 9353', 'โกเบนซ์ข้าวต้มแห้งภูเก็ต', NULL),
(69, 126, NULL, NULL, NULL),
(70, 127, NULL, NULL, NULL),
(71, 128, NULL, NULL, NULL);

-- --------------------------------------------------------

--
-- Table structure for table `favorites`
--

CREATE TABLE `favorites` (
  `id` int(11) NOT NULL,
  `user_id` int(11) NOT NULL,
  `restaurant_id` int(11) NOT NULL,
  `created_at` timestamp NOT NULL DEFAULT current_timestamp()
) ENGINE=InnoDB DEFAULT CHARSET=utf8 COLLATE=utf8_general_ci;

--
-- Dumping data for table `favorites`
--

INSERT INTO `favorites` (`id`, `user_id`, `restaurant_id`, `created_at`) VALUES
(50, 21, 19, '2025-05-22 06:34:01'),
(51, 21, 23, '2025-05-22 06:34:02'),
(52, 21, 24, '2025-05-22 06:34:07');

-- --------------------------------------------------------

--
-- Table structure for table `likes`
--

CREATE TABLE `likes` (
  `id` int(11) NOT NULL,
  `user_id` int(11) DEFAULT NULL,
  `post_id` int(11) DEFAULT NULL,
  `created_at` timestamp NOT NULL DEFAULT current_timestamp() ON UPDATE current_timestamp()
) ENGINE=InnoDB DEFAULT CHARSET=utf8 COLLATE=utf8_general_ci;

--
-- Dumping data for table `likes`
--

INSERT INTO `likes` (`id`, `user_id`, `post_id`, `created_at`) VALUES
(33, 9, 6, '2025-05-16 02:34:20');

-- --------------------------------------------------------

--
-- Table structure for table `notifications`
--

CREATE TABLE `notifications` (
  `notification_id` int(11) NOT NULL,
  `user_id` int(11) NOT NULL,
  `type` enum('new_report','report_resolved') NOT NULL,
  `related_id` int(11) DEFAULT NULL,
  `message` varchar(255) NOT NULL,
  `is_read` tinyint(1) DEFAULT 0,
  `created_at` timestamp NOT NULL DEFAULT current_timestamp(),
  `updated_at` timestamp NOT NULL DEFAULT current_timestamp() ON UPDATE current_timestamp()
) ENGINE=InnoDB DEFAULT CHARSET=utf8 COLLATE=utf8_general_ci;

--
-- Dumping data for table `notifications`
--

INSERT INTO `notifications` (`notification_id`, `user_id`, `type`, `related_id`, `message`, `is_read`, `created_at`, `updated_at`) VALUES
(2, 10, 'new_report', 2, 'มีรายงานใหม่เข้ามา', 1, '2025-05-19 09:20:24', '2025-05-22 06:08:54'),
(4, 10, 'new_report', 3, 'มีรายงานใหม่เข้ามา', 1, '2025-05-19 10:39:56', '2025-05-22 06:08:53'),
(6, 10, 'new_report', 4, 'มีรายงานใหม่เข้ามา', 1, '2025-05-19 10:43:55', '2025-05-22 06:08:52'),
(8, 10, 'new_report', 5, 'มีรายงานใหม่เข้ามา', 1, '2025-05-19 10:44:47', '2025-05-22 06:08:52'),
(13, 10, 'new_report', 6, 'มีรายงานใหม่เข้ามา', 1, '2025-05-20 09:44:42', '2025-05-22 06:08:51'),
(16, 10, 'new_report', 7, 'มีรายงานใหม่เข้ามา', 1, '2025-05-22 06:03:43', '2025-05-22 06:08:48'),
(18, 10, 'new_report', 8, 'มีรายงานใหม่เข้ามา', 1, '2025-05-22 06:03:47', '2025-05-22 06:08:44'),
(19, 21, 'report_resolved', 8, 'รายงานโพสต์ ID 10 ของคุณได้รับการตรวจสอบแล้ว: ไม่พบว่าละเมิดกฎ ', 1, '2025-05-22 06:09:04', '2025-05-22 06:13:29'),
(20, 21, 'report_resolved', 7, 'รายงานโพสต์ ID 11 ของคุณได้รับการดำเนินการแล้ว: โพสต์ถูกลบ ', 1, '2025-05-22 06:09:14', '2025-05-22 06:13:26'),
(22, 10, 'new_report', 9, 'มีรายงานใหม่เข้ามา', 0, '2025-05-29 23:12:02', '2025-05-29 23:12:02');

-- --------------------------------------------------------

--
-- Table structure for table `posts`
--

CREATE TABLE `posts` (
  `id` int(11) NOT NULL,
  `user_id` int(11) DEFAULT NULL,
  `title` text DEFAULT NULL,
  `content` text DEFAULT NULL,
  `created_at` timestamp NOT NULL DEFAULT current_timestamp()
) ENGINE=InnoDB DEFAULT CHARSET=utf8 COLLATE=utf8_general_ci;

--
-- Dumping data for table `posts`
--

INSERT INTO `posts` (`id`, `user_id`, `title`, `content`, `created_at`) VALUES
(6, 9, 'test', 'e1131', '2025-05-07 11:24:00'),
(7, 9, NULL, 'ะำหำด', '2025-05-16 07:05:00'),
(8, 9, NULL, 'testD', '2025-05-16 07:07:28'),
(9, 9, 'TestTo', 'TestTest', '2025-05-16 07:16:14'),
(10, 11, '55555', 'ตลก', '2025-05-16 21:57:06'),
(18, 21, 'ทดสอบ1', 'สวัสดี', '2025-05-22 06:30:37');

-- --------------------------------------------------------

--
-- Table structure for table `post_images`
--

CREATE TABLE `post_images` (
  `id` int(11) NOT NULL,
  `post_id` int(11) DEFAULT NULL,
  `image_url` varchar(255) DEFAULT NULL
) ENGINE=InnoDB DEFAULT CHARSET=utf8 COLLATE=utf8_general_ci;

--
-- Dumping data for table `post_images`
--

INSERT INTO `post_images` (`id`, `post_id`, `image_url`) VALUES
(4, 6, '/uploads/posts/post_1746617040317.jpg'),
(5, 7, '/uploads/post/post_img_1747379100828_hxw9rk'),
(6, 8, '/uploads/post/post_img_1747379247984_k5dy1'),
(7, 9, '/uploads/post/post_img_1747379774026_4094f'),
(8, 10, '/uploads/post/post_img_1747432625633_m3o2qe.jpg'),
(19, 18, '/uploads/post/post_img_1747895437149_j84197.jpg');

-- --------------------------------------------------------

--
-- Table structure for table `reports`
--

CREATE TABLE `reports` (
  `report_id` int(11) NOT NULL,
  `post_id` int(11) NOT NULL,
  `user_id` int(11) NOT NULL,
  `report_reason` varchar(255) DEFAULT NULL,
  `report_details` text DEFAULT NULL,
  `report_status` enum('pending','resolved','rejected') DEFAULT 'pending',
  `reviewed_by` int(11) DEFAULT NULL,
  `review_date` datetime DEFAULT NULL,
  `resolution_details` text DEFAULT NULL,
  `created_at` timestamp NOT NULL DEFAULT current_timestamp(),
  `updated_at` timestamp NOT NULL DEFAULT current_timestamp() ON UPDATE current_timestamp()
) ENGINE=InnoDB DEFAULT CHARSET=utf8 COLLATE=utf8_general_ci;

--
-- Dumping data for table `reports`
--

INSERT INTO `reports` (`report_id`, `post_id`, `user_id`, `report_reason`, `report_details`, `report_status`, `reviewed_by`, `review_date`, `resolution_details`, `created_at`, `updated_at`) VALUES
(8, 10, 21, '', '', 'resolved', 10, '2025-05-22 13:09:04', 'โพสต์ไม่พบว่าละเมิดกฎ', '2025-05-22 06:03:47', '2025-05-22 06:09:04'),
(9, 18, 9, '', '', 'pending', NULL, NULL, NULL, '2025-05-29 23:12:02', '2025-05-29 23:12:02');

-- --------------------------------------------------------

--
-- Table structure for table `restaurant`
--

CREATE TABLE `restaurant` (
  `id` int(11) NOT NULL,
  `res_name` varchar(255) NOT NULL,
  `description` text DEFAULT NULL,
  `score` double(5,2) DEFAULT 0.00,
  `pic` varchar(255) DEFAULT NULL,
  `region` varchar(255) DEFAULT NULL,
  `created_at` timestamp NOT NULL DEFAULT current_timestamp(),
  `google_map_link` text DEFAULT NULL,
  `lat` decimal(10,7) DEFAULT NULL,
  `lng` decimal(10,7) DEFAULT NULL
) ENGINE=InnoDB DEFAULT CHARSET=utf8 COLLATE=utf8_general_ci;

--
-- Dumping data for table `restaurant`
--

INSERT INTO `restaurant` (`id`, `res_name`, `description`, `score`, `pic`, `region`, `created_at`, `google_map_link`, `lat`, `lng`) VALUES
(19, 'เฮือนม่วนใจ', 'ชื่อร้านอาหารแห่งนี้มีความหมายว่า \"บ้านแสนสุข\" บุกเบิกโดยเชฟจรัญ ธิพึ่ง ผู้เคยออกรายการโทรทัศน์ โดยที่ ร้านเสิร์ฟอาหารเหนือขนาดแท้มาตั้งแต่ปี 2554 บ้านทรงล้านนาพร้อมสวนที่มีต้นไม้เรียงรายเป็นที่ตั้งของ ร้านอาหารยอดนิยมราคาสบายกระเป๋า\r\n\r\nเมนูแนะนำ: ลาบคั่วเหนือ - ขนมจีนน้ำเงี้ยว - ไส้ถั่ว\r\n\r\nการให้บริการแบบเต็มรูปแบบ (Full-Service Restaurant)\r\n\r\nเวลาเปิดร้าน: จันทร์ - อังคาร 11:00 - 21:00, พฤหัสบดี - อาทิตย์ 11:00 - 21:00', 5.00, '/uploads/north/img_1745815553279.jpg', 'north', '2025-04-28 04:45:53', 'https://www.google.com/maps/embed?pb=!1m18!1m12!1m3!1d3776.9617206474577!2d98.9756064!3d18.7998592!2m3!1f0!2f0!3f0!3m2!1i1024!2i768!4f13.1!3m3!1m2!1s0x30da3a8c183393ed%3A0x6bad4b8a8337d731!2z4LmA4Liu4Li34Lit4LiZ4Lih4LmI4Lin4LiZ4LmD4LiI4LmL!5e0!3m2!1sth!2sth!4v1745990169361!5m2!1sth!2sth', 18.7998991, 98.9755533),
(21, 'ข้าวซอยแม่มณี', 'ข้าวซอยแม่มณีเปิดมาตั้งแต่ พ.ศ. 2527 ตั้งอยู่ในซอยเล็กๆ บริการมาอย่างยาวนาน การันตีความอร่อยด้วยเสียง ลือเสียงเล่าอ้างจากทั้งชาวไทยและนักท่องเที่ยวต่างชาติ จุดเด่นอยู่ที่น้ำข้าวซอยที่เข้มข้น หอมเครื่องแกง กลม กล่อมกำลังดี เส้นบะหมี่ไข่เหนียวนุ่ม เสิร์ฟพร้อมเครื่องเคียงครบครัน\r\n\r\nเมนูแนะนำ: - ข้าวซอยหมู, - ข้าวซอยเนื้อ, - ข้าวซอยไก่\r\n\r\nการให้บริการแบบบริการตนเอง (Self-Service Restaurant)\r\n\r\nเวลาเปิดร้าน: เปิดบริการทุกวัน เวลา 9.00 - 15.00 น. (หยุดทุกวันพระ)', 5.00, '/uploads/north/img_1745902418723.jpg', 'north', '2025-04-29 04:53:38', 'https://www.google.com/maps/embed?pb=!1m18!1m12!1m3!1d15104.583588753188!2d98.96890056977537!3d18.836179600000005!2m3!1f0!2f0!3f0!3m2!1i1024!2i768!4f13.1!3m3!1m2!1s0x30da3b0460386819%3A0x4029371ec38c372b!2z4LiC4LmJ4Liy4Lin4LiL4Lit4Lii4LmB4Lih4LmI4Lih4LiT4Li1!5e0!3m2!1sth!2sth!4v1746008134706!5m2!1sth!2sth', 18.8361796, 98.9689006),
(23, 'ครัววันดีลำพูน', 'ร้านอาหารพื้นเมืองเหนือเปิดมาแล้วกว่า 20 ปี ขึ้นชื่อเรื่องรสชาติแบบดั้งเดิมในบรรยากาศเป็นกันเอง เหมาะ สำหรับทั้งครอบครัวและนักท่องเที่ยวที่อยากลิ้มลองอาหารเหนือแท้ๆ รสเข้มข้น กลิ่นหอมเครื่องเทศ ในราคา ย่อมเยา\r\n\r\nเมนูแนะนำ: - ออเดิร์ฟเมือง, - ปีกไก่รมควัน\r\n\r\nการให้บริการแบบเต็มรูปแบบ (Full-Service Restaurant)\r\n\r\nเวลาเปิดร้าน: ทุกวัน 08:30 - 20:30', 0.00, '/uploads/north/img_1745930163666.jpg', 'north', '2025-04-29 12:36:03', 'https://www.google.com/maps/embed?pb=!1m18!1m12!1m3!1d3781.60963707703!2d98.97927829999999!3d18.5916297!2m3!1f0!2f0!3f0!3m2!1i1024!2i768!4f13.1!3m3!1m2!1s0x311fbfe4b0536af3%3A0xa3f619346f0c47a6!2z4LiE4Lij4Lix4Lin4Lin4Lix4LiZ4LiU4Li1!5e0!3m2!1sth!2sth!4v1746009622545!5m2!1sth!2sth', 18.5916297, 98.9792783),
(24, 'น้ำเงี้ยวป้าสุข', 'น้ำเงี้ยวป้าสุข ร้านที่อยู่คู่เมืองเชียงรายมานานกว่า 50 ปี ด้วยรสชาติน้ำเงี้ยวสูตรโบราณ หอมเครื่องเทศ กลม กล่อมทุกคำ เนื้อหมูนุ่ม เลือดหมูไม่คาว พร้อมเส้นขนมจีนเหนียวนุ่ม เคียงกับผักสดและเครื่องเคียงแบบจัดเต็ม\r\n\r\nเมนูแนะนำ: - ขนมจีนน้ำเงี้ยว, - ขนมจีนน้ำยา\r\n\r\nการให้บริการแบบเต็มรูปแบบ (Full-Service Restaurant)\r\n\r\nเวลาเปิดร้าน: อังคาร - อาทิตย์ 09:30 - 14:30', 0.00, '/uploads/north/img_1745930191652.jpg', 'north', '2025-04-29 12:36:31', 'https://www.google.com/maps/embed?pb=!1m18!1m12!1m3!1d3751.541967611312!2d99.8229959!3d19.9015537!2m3!1f0!2f0!3f0!3m2!1i1024!2i768!4f13.1!3m3!1m2!1s0x30d7067048e922af%3A0x1f71274b9f167e07!2z4LiZ4LmJ4Liz4LmA4LiH4Li14LmJ4Lii4Lin4Lib4LmJ4Liy4Liq4Li44LiC!5e0!3m2!1sth!2sth!4v1746009667713!5m2!1sth!2sth', 19.9015537, 99.8229959),
(25, 'ถ้วยก๋าไก่and View LOVER', 'ร้านถ้วย ไก่ (ถ้วยตราไก่) ร้านอาหารที่ติดกว้านพะเยา บรรยากาศร้านสวยตัวร้านมีพื้นที่ โต๊ะจัดไว้ห่างพอสมควร สั่งอาหารไป รอไม่นาน รสชาติไม่ธรรมดา ทั้งอาหารเหนือ อาหารจานเดียว และเครื่องดื่มหลากหลายเมนู ทั้ง กาแฟดริป ชา และสมูทตี้ผลไม้สด\r\n\r\nเมนูแนะนำ: - กุ้งฝอยทอดกระเทียม ลาบปลาไน\r\n\r\nการให้บริการแบบเต็มรูปแบบ (Full-Service Restaurant)\r\n\r\nเวลาเปิดร้าน: ทุกวัน 10:00 21:00', 0.00, '/uploads/north/img_1745930209003.png', 'north', '2025-04-29 12:36:49', 'https://www.google.com/maps/embed?pb=!1m18!1m12!1m3!1d25353.01283744097!2d99.88376835730864!3d19.162509138897864!2m3!1f0!2f0!3f0!3m2!1i1024!2i768!4f13.1!3m3!1m2!1s0x30d9d34e73bc04b5%3A0x6845e8a3c3bda5bb!2z4LiW4LmJ4Lin4Lii4LiB4LmL4Liy4LmE4LiB4LmIIOC4nuC4sOC5gOC4ouC4siAo4Lij4LmJ4Liy4LiZ4LiK4Lix4LmI4Lin4LiE4Lij4Liy4LinKQ!5e0!3m2!1sth!2sth!4v1746009897520!5m2!1sth!2sth', 19.1625091, 99.8837684),
(26, 'เรือนเจ้านาง', 'เสิร์ฟอาหารเมืองต้นตำรับราคาเป็นมิตร เปิดมานานไม่ต่ำกว่า 20 ปีร้านอาหารเหนือสุดหรู กลิ่นอายวัฒนธรรม ล้านนาแท้ๆ ตั้งอยู่ในเรือนไม้ไทยสไตล์เจ้านาง บรรยากาศสงบ สวยงามและเป็นส่วนตัว เหมาะสำหรับมื้อพิเศษ ภายในร้านตกแต่งอย่างประณีตด้วยเฟอร์นิเจอร์ไม้ แพรพรรณล้านนา และของตกแต่งโบราณ พร้อมเสียงดนตรี พื้นเมืองคลอเบาๆ ทำให้บรรยากาศเหมือนย้อนยุคไปสมัยเจ้าหลวง\r\n\r\nเมนูแนะนำ: - แกงส้มเมืองปลาคัง, แกงแคไก่บ้าน, ออเดิร์ฟเมือง\r\n\r\nการให้บริการแบบเต็มรูปแบบ (Full-Service Restaurant)\r\n\r\nเวลาเปิดร้าน: เปิดทำการวันวันอาทิตย์ 10:30-22:00', 0.00, '/uploads/north/img_1745930230941.jpg', 'north', '2025-04-29 12:37:10', 'https://www.google.com/maps/embed?pb=!1m18!1m12!1m3!1d3777.440801560083!2d100.78371539999999!3d18.778499!2m3!1f0!2f0!3f0!3m2!1i1024!2i768!4f13.1!3m3!1m2!1s0x31278e09f1d68fcb%3A0x5ea55d81200026fd!2z4LmA4Lij4Li34Lit4LiZ4LmA4LiI4LmJ4Liy4LiZ4Liy4LiHICjguYDguIjguYnguLLguJnguYjguLLguJkp!5e0!3m2!1sth!2sth!4v1746009969227!5m2!1sth!2sth', 18.7784990, 100.7837154),
(27, 'ครัวสุโข', 'ร้านอาหารไทยพื้นบ้านอาหารแนวorganic บรรยากาศอบอุ่น ที่ผสมผสานความเรียบง่ายแบบท้องถิ่นเข้ากับ รสชาติอาหารที่จัดจ้านและกลมกล่อมอย่างลงตัว เหมาะสำหรับทั้งครอบครัว นักท่องเที่ยว และสายกินที่อยาก สัมผัสความอร่อยแบบไทยๆ\r\n\r\nเมนูแนะนำ: - ไก่กับสายบัวผัดกะเพรา, น้ำพริกมะขาม\r\n\r\nการให้บริการแบบเต็มรูปแบบ (Full-Service Restaurant)\r\n\r\nเวลาเปิดร้าน: ทุกวัน 08:00 - 17:00', 0.00, '/uploads/north/img_1745932931719.jpg', 'north', '2025-04-29 13:22:11', 'https://www.google.com/maps/embed?pb=!1m18!1m12!1m3!1d488347.950285656!2d99.64670643326285!3d17.012955956629835!2m3!1f0!2f0!3f0!3m2!1i1024!2i768!4f13.1!3m3!1m2!1s0x30defd2da7199451%3A0xc27b3a67ca7c2103!2z4LiE4Lij4Lix4Lin4Liq4Li44LmC4LiCIOC4quC4meC4suC4oeC4muC4tOC4meC4quC4uOC5guC4guC4l-C4seC4og!5e0!3m2!1sth!2sth!4v1746010023626!5m2!1sth!2sth', 17.1758828, 99.6467064),
(28, 'ดาวคะนองลําพูน', 'เป็นอาหารเหนือ เป็นร้านอาหารพื้นเมืองดั้งเดิม ที่มีหลายสาขา อาหารรสชาดดี ราคาไม่แพงบรรยากาศสบายๆ เป็นกันเอง และเมนูอาหารเหนือสุดแซ่บที่เสิร์ฟด้วยรสชาติแบบดั้งเดิมแท้ๆราวกับได้กินข้าวฝีมือแม่ในบ้านไม้หลัง เก่า รสชาติอาหารที่เข้มข้น จัดจ้าน ถึงเครื่องสมุนไพร โดยเฉพาะอาหารเหนือที่หาทานยาก\r\n\r\nเมนูแนะนำ: - แกงฮังเล, อ่องปูนา, ลาบหมูคั่ว\r\n\r\nการให้บริการแบบเต็มรูปแบบ (Full-Service Restaurant)\r\n\r\nเวลาเปิดร้าน: ทุกวัน 10:00 20:00', 0.00, '/uploads/north/img_1745932946418.jpg', 'north', '2025-04-29 13:22:26', 'https://www.google.com/maps/embed?pb=!1m18!1m12!1m3!1d3782.605838568824!2d99.0580121!3d18.546705899999996!2m3!1f0!2f0!3f0!3m2!1i1024!2i768!4f13.1!3m3!1m2!1s0x30dbd301c17755eb%3A0xc8db0ae9156750ae!2z4Lij4LmJ4Liy4LiZ4Lit4Liy4Lir4Liy4Lij4LiU4Liy4Lin4LiE4Liw4LiZ4Lit4LiH4Lil4Liz4Lie4Li54LiZ!5e0!3m2!1sth!2sth!4v1746010069243!5m2!1sth!2sth', 18.5467059, 99.0580121),
(68, 'ก๋วยเตี๋ยวอัญชัน', 'ร้านก๋วยเตี๋ยวอัญชัน ร้านเด็ดย่านนิมมานทางร้านรังสรรค์เมนูก๋วยเตี๋ยว ให้แปลกใหม่ โดยนำอัญชันมาเป็น ส่วนผสมในเส้นก๋วยเตี๋ยว ทำให้หน้าตาออกมาน่ารับประทาน เส้นก๋วยเตี๋ยวอัญชันที่ทำสดใหม่ทุกวัน สีม่วง ธรรมชาติ ไร้สารเคมี และน้ำซุปที่กลมกล่อม เข้มข้นแบบสูตรเฉพาะของทางร้าน\r\n\r\nเมนูแนะนำ\r\nก๋วยเตี๋ยวอัญชันต้มยำ - ก๋วยเตี๋ยวอัญชันเย็นตาโฟ - หมูสะเต๊ะ \r\nการให้บริการแบบเต็มรูปแบบ (Full-Service Restaurant)\r\nเวลาเปิดร้าน ทุกวัน 08:00 20:30', 0.00, '/uploads/north/img_1747479090240.jpg', 'north', '2025-05-17 10:51:30', 'https://www.google.com/maps/embed?pb=!1m17!1m12!1m3!1d3777.0874146082638!2d98.9725742!3d18.794257299999998!2m3!1f0!2f0!3f0!3m2!1i1024!2i768!4f13.1!3m2!1m1!2zMTjCsDQ3JzM5LjMiTiA5OMKwNTgnMjEuMyJF!5e0!3m2!1sth!2sth!4v1747479070663!5m2!1sth!2sth', 18.7942573, 98.9725742),
(69, 'ต๋องเต็มโต๊ะ', 'ร้านอาหารเหนือชื่อดังย่านนิมมานเหมินท์ เชียงใหม่ ที่ได้รับความนิยมทั้งจากคนท้องถิ่นและนักท่องเที่ยว ราคา น่ารัก และบรรยากาศเป็นกันเองสมชื่อ ต๋องเต็มโต๊ะรสชาติอาหารเหนือแท้ๆที่ปรุงตามสูตรดั้งเดิมแบบคนเมือง ทั้ง ลาบคั่ว แกงฮังเล น้ำพริกหนุ่ม ที่จัดจ้าน หอมสมุนไพร และถึงรสถึงใจ\r\n\r\nเมนูแนะนำ: - ไส้อั่ว - แกงฮังเล - ลาบคั่ว\r\n\r\nการให้บริการแบบเต็มรูปแบบ (Full-Service Restaurant)\r\n\r\nเวลาเปิดร้าน: ทุกวัน 08:00 - 22:30', 0.00, '/uploads/north/img_1747480745776.jpg', 'north', '2025-05-17 11:19:05', 'https://www.google.com/maps/embed?pb=!1m17!1m12!1m3!1d3777.035228814653!2d98.96775!3d18.796583299999995!2m3!1f0!2f0!3f0!3m2!1i1024!2i768!4f13.1!3m2!1m1!2zMTjCsDQ3JzQ3LjciTiA5OMKwNTgnMDMuOSJF!5e0!3m2!1sth!2sth!4v1747480736401!5m2!1sth!2sth', 18.7965833, 98.9677500),
(70, 'เฮือนใจ๋ยอง', 'ร้านอาหารเหนือพื้นบ้านชื่อดังในจังหวัดเชียงใหม่ ที่โดดเด่นด้วยบรรยากาศ เฮือนล้านนา อาหารเหนือที่ทำแบบโฮมเมด รสมือแม่จริงๆ โดยไม่มีการปรุงแต่งมาก แต่เน้นรสชาติแท้ดั้งเดิมของอาหารเมืองเหนือแท้ๆเมนูอาหารเมือง สูตรดั้งเดิมที่หาทานได้ยาก เสิร์ฟพร้อมรสชาติอันเข้มข้น และวัตถุดิบท้องถิ่นสดใหม่\r\n\r\nเมนูแนะนำ: - แกงผักหวานไข่มดแดง - น้ำพริกหนุ่ม - หมูทอดน้ำปลา\r\n\r\nการให้บริการแบบเต็มรูปแบบ (Full-Service Restaurant)\r\n\r\nเวลาเปิดร้าน: จันทร์09:00 - 16:30, พุธ - อาทิตย์09:00 - 16:30\r\n\r\nเบอร์ติดต่อ: 081-530-1172', 0.00, '/uploads/north/img_1747480818984.jpg', 'north', '2025-05-17 11:20:18', 'https://www.google.com/maps/embed?pb=!1m17!1m12!1m3!1d3778.6308751187576!2d99.10282099999999!3d18.725337000000003!2m3!1f0!2f0!3f0!3m2!1i1024!2i768!4f13.1!3m2!1m1!2zMTjCsDQzJzMxLjIiTiA5OcKwMDYnMTAuMiJF!5e0!3m2!1sth!2sth!4v1747480794592!5m2!1sth!2sth', 18.7253370, 99.1028210),
(71, 'คุ้มเวียงยอง', 'ร้านอาหารเหนือในบ้านไม้โบราณที่อบอวลด้วยกลิ่นอายวัฒนธรรมล้านนา ตั้งอยู่ใจกลางชุมชนเวียงยอง อาหาร เหนือสูตรดั้งเดิม ที่คัดเลือกวัตถุดิบท้องถิ่นคุณภาพดี มาปรุงอย่างพิถีพิถัน ทั้งเมนูยอดนิยมและเมนูพื้นบ้านที่หา ทานได้ยากในเมืองใหญ่ บรรยากาศภายในร้านอบอุ่นเหมือนได้นั่งทานข้าวในเรือนไม้เก่าของคนเมือง ภายนอก ล้อมด้วยสวนเล็กๆ และของตกแต่งโบราณ\r\n\r\nเมนูแนะนำ: - แกงแคไก่ - จิ้นส้มหมกไข่ - ข้าวซอยหมู\r\n\r\nการให้บริการแบบเต็มรูปแบบ (Full-Service Restaurant)\r\n\r\nเวลาเปิดร้าน: ทุกวัน 11:00 - 21:00', 0.00, '/uploads/north/img_1747480873183.jpg', 'north', '2025-05-17 11:21:13', 'https://www.google.com/maps/embed?pb=!1m17!1m12!1m3!1d3777.614576878253!2d98.9501966!3d18.770745299999994!2m3!1f0!2f0!3f0!3m2!1i1024!2i768!4f13.1!3m2!1m1!2zMTjCsDQ2JzE0LjciTiA5OMKwNTcnMDAuNyJF!5e0!3m2!1sth!2sth!4v1747480855977!5m2!1sth!2sth', 18.7707453, 98.9501966),
(72, 'ครัวอาจารย์สายหยุด', 'ร้านอาหารไทยและอาหารเหนือชื่อดังของเชียงราย ที่มีชื่อเสียงในเรื่องของรสชาติที่เปี่ยมด้วยความตั้งใจและ ประสบการณ์ของ อาจารย์สายหยุด บรรยากาศร้านเป็นบ้านไม้เรือนไทยร่มรื่น สงบ เป็นกันเองความพิเศษของ ร้านนี้คือการปรุงอาหารทุกจานด้วยวัตถุดิบสดใหม่ และความประณีตในทุกขั้นตอนเหมือนทำให้คนในครอบครัว ทาน โดยเฉพาะเมนูไทยโบราณและอาหารเหนือที่บางเมนูหาทานได้ยาก\r\n\r\nเมนูแนะนำ: - น้ำพริกอ่อง - ต้มยำปลาคัง - ผัดผักเชียงดา\r\n\r\nการให้บริการแบบเต็มรูปแบบ (Full-Service Restaurant)\r\n\r\nเวลาเปิดร้าน: จันทร์ - อังคาร 10:00 - 21:00, พฤหัสบดี - อาทิตย์10:00 - 21:00', 0.00, '/uploads/north/img_1747480935291.jpg', 'north', '2025-05-17 11:22:15', 'https://www.google.com/maps/embed?pb=!1m17!1m12!1m3!1d3776.4607810072494!2d98.987269!3d18.822169!2m3!1f0!2f0!3f0!3m2!1i1024!2i768!4f13.1!3m2!1m1!2zMTjCsDQ5JzE5LjgiTiA5OMKwNTknMTQuMiJF!5e0!3m2!1sth!2sth!4v1747480917261!5m2!1sth!2sth', 18.8221690, 98.9872690),
(73, 'ภูภิรมย์', 'ร้านอาหารสุดโรแมนติกกลางไร่องุ่นแห่งแรกของเชียงรายาหารไทย-ฟิวชันและอาหารเหนือที่ตกแต่งอย่างพิถีพิถัน ใช้วัตถุดิบท้องถิ่นคุณภาพดี ผสมผสานกับการตกแต่งจานแบบสมัยใหม่ เหมาะทั้งสำหรับการดินเนอร์กับคนพิเศษ มื้อพิเศษกับครอบครัวร้านตั้งอยู่บนเนินสูง สามารถมองเห็นวิวไร่องุ่นแบบพาโนรามาได้รอบทิศ พร้อมมีที่นั่งทั้ง แบบ indoor และ outdoor ให้เลือกตามบรรยากาศ\r\n\r\nเมนูแนะนำ: - ปลาทับทิมทอดสมุนไพร - แกงส้มชะอมไข่ - น้ำพริกหนุ่มหมูย่าง\r\n\r\nการให้บริการแบบเต็มรูปแบบ (Full-Service Restaurant)\r\n\r\nเวลาเปิดร้าน: ทุกวัน 11:00 - 22:00', 0.00, '/uploads/north/img_1747481001076.jpg', 'north', '2025-05-17 11:23:21', 'https://www.google.com/maps/embed?pb=!1m17!1m12!1m3!1d3752.431271201527!2d99.7303838!3d19.864003099999998!2m3!1f0!2f0!3f0!3m2!1i1024!2i768!4f13.1!3m2!1m1!2zMTnCsDUxJzUwLjQiTiA5OcKwNDMnNDkuNCJF!5e0!3m2!1sth!2sth!4v1747480988691!5m2!1sth!2sth', 19.8640031, 99.7303838),
(74, 'ร้านลาบต้นข่อย', 'ร้านอาหารเหนือพื้นบ้านชื่อดังของจังหวัดแพร่ ที่คนท้องถิ่นแนะนำว่า ห้ามพลาด! โดยเฉพาะเมนูลาบเมืองรสจัดจ้านถึงเครื่อง พร้อมด้วยอาหารพื้นบ้านอีกหลากหลายเมนูในราคาย่อมเยา ขึ้นชื่อเรื่อง ลาบดิบ–ลาบคั่ว และเมนูเครื่องในต่างๆบรรยากาศร้านเรียบง่าย สบายๆ อยู่ใต้ต้นข่อยใหญ่ตามชื่อร้าน\r\n\r\nเมนูแนะนำ: - ลาบหมูคั่ว - ต้มแซ่บกระดูกอ่อน - คอหมูย่าง\r\n\r\nการให้บริการแบบเต็มรูปแบบ (Full-Service Restaurant)\r\n\r\nเวลาเปิดร้าน: ทุกวัน 11:00 - 13:00', 0.00, '/uploads/north/img_1747481055806.jpg', 'north', '2025-05-17 11:24:15', 'https://www.google.com/maps/embed?pb=!1m17!1m12!1m3!1d3776.218188997836!2d99.05710839999999!3d18.8329639!2m3!1f0!2f0!3f0!3m2!1i1024!2i768!4f13.1!3m2!1m1!2zMTjCsDQ5JzU4LjciTiA5OcKwMDMnMjUuNiJF!5e0!3m2!1sth!2sth!4v1747481041913!5m2!1sth!2sth', 18.8329639, 99.0571084),
(75, 'บ้านเฮง', 'ร้านเปิดบริการตั้งแต่พ.ศ. 2500 และทำของฝากอย่างกุนเชียง หมูหยอง หมูยอเอง กลายเป็นบ้านเฮง ร้านอาหารเข้าสไตล์ไทย-จีน ที่ยังคงทำวัตถุดิบต่างๆ เอง ร้านอาหารบรรยากาศอบอุ่นเหมือนทานข้าวที่บ้าน\r\n\r\nเมนูแนะนำ: ไข่กระทะ, ไชโป้วผัดไข่, ข้าวอบกุนเชียงสไตล์บ้านเฮง\r\n\r\nบริการ: การให้บริการแบบเต็มรูปแบบ (Full-Service Restaurant)\r\n\r\nเวลาเปิดร้าน: ทุกวัน 06.00 - 13.00', 0.00, '/uploads/northeastern/img_1747483377532.jpg', 'northeastern', '2025-05-17 12:02:57', 'https://www.google.com/maps/embed?pb=!1m17!1m12!1m3!1d3826.8169219193724!2d102.83603339999999!3d16.4341219!2m3!1f0!2f0!3f0!3m2!1i1024!2i768!4f13.1!3m2!1m1!2zMTbCsDI2JzAyLjgiTiAxMDLCsDUwJzA5LjciRQ!5e0!3m2!1sth!2sth!4v1747483338900!5m2!1sth!2sth', 16.4341219, 102.8360334),
(76, 'ประไพร', 'ร้านอาหารอีสานต้นตำรับที่ตั้งอยู่หน้าสนามบินขอนแก่น ร้านตกแต่งเรียบง่าย บรรยากาศอบอุ่นเป็นกันเอง เหมือนกินข้าวบ้านญาติผู้ใหญ่ใจดี ทางร้านใส่ใจในวัตถุดิบ คัดเฉพาะของสดใหม่จากท้องถิ่น และปรุงอย่างพิถีพิถัน ทำให้รสชาติของอาหารอร่อยลึกถึงเครื่อง\r\n\r\nเมนูแนะนำ: ปลาส้มทอด, ผัดโป๊ยเซียนทะเล, แกงคั่วหอยขม, หมกเห็ดขอนขาว\r\n\r\nบริการ: การให้บริการแบบเต็มรูปแบบ (Full-Service Restaurant)\r\n\r\nเวลาเปิดร้าน: อังคาร - อาทิตย์ 10.30 - 22.30', 0.00, '/uploads/northeastern/img_1747821843510.jpg', 'northeastern', '2025-05-21 10:04:03', 'https://www.google.com/maps/embed?pb=!1m17!1m12!1m3!1d3826.296597204649!2d102.7855501!3d16.4605127!2m3!1f0!2f0!3f0!3m2!1i1024!2i768!4f13.1!3m2!1m1!2zMTbCsDI3JzM3LjkiTiAxMDLCsDQ3JzA4LjAiRQ!5e0!3m2!1sth!2sth!4v1747821791983!5m2!1sth!2sth', 16.4605127, 102.7855501),
(77, 'ประสิทธิ์โภชนา', 'ร้านห้องแถวเล็กๆ แต่สะอาดสะอ้านน่านั่ง เชี่ยวชาญอาหารอีสานต้นตำรับโดยเฉพาะเมนูเนื้อวัวทั้งดิบและสุก ปรัชญาของที่นี่คือ “ใช้เนื้อส่วนที่ดีที่สุด เพื่อมาทำอาหารที่แซบที่สุด” เมื่อทำได้ตามนั้นจริงๆ ประกอบกับราคาเป็นมิตรและการบริการแบบกันเอง\r\n\r\nเมนูแนะนำ: ลาบหมู, ยำน้ำตกเนื้อ, ต้มเครื่องใน, ไส้กรอก\r\n\r\nบริการ: การให้บริการแบบเต็มรูปแบบ (Full-Service Restaurant)\r\n\r\nเวลาเปิดร้าน: อังคาร - อาทิตย์ 10.00 - 13.00', 0.00, '/uploads/northeastern/img_1747821915402.jpg', 'northeastern', '2025-05-21 10:05:15', 'https://www.google.com/maps/embed?pb=!1m17!1m12!1m3!1d3826.8164668315308!2d102.83339099999999!3d16.434145!2m3!1f0!2f0!3f0!3m2!1i1024!2i768!4f13.1!3m2!1m1!2zMTbCsDI2JzAyLjkiTiAxMDLCsDUwJzAwLjIiRQ!5e0!3m2!1sth!2sth!4v1747821876816!5m2!1sth!2sth', 16.4341450, 102.8333910),
(89, 'โสเจ๊งโภชนา (บ้านไผ่)', 'ร้านนี้เสิร์ฟความแซ่บอีหลีมายาวนานกว่า 40 ปี ปัจจุบันดำเนินกิจการโดยทายาทรุ่นที่สอง ชาวบ้านในละแวกนี้ยังคงแวะเวียนมาอุดหนุนเป็นประจำ เพราะอาหารอร่อย ราคาเป็นมิตร และการบริการที่เป็นกันเอง จุดเด่นของร้านอยู่ที่เมนูลาบและต้มแซ่บเนื้อเปื่อยเครื่องในรวมรสจัดจ้าน\r\n\r\nเมนูแนะนำ: เสื้อร้องไห้, ส้มตำลาว, คอหมูย่าง, อุเพี้ยน่องลาย, หม่ำย่าง\r\n\r\nบริการ: การให้บริการแบบเต็มรูปแบบ (Full-Service Restaurant)\r\n\r\nเวลาเปิดร้าน: ทุกวัน 8.00 - 21.00', 0.00, '/uploads/northeastern/img_1747863371427_0f9ff4a1-b07b-48f8-b420-5ad7fd609b25.jpg', 'northeastern', '2025-05-21 21:36:11', 'https://www.google.com/maps/embed?pb=!1m17!1m12!1m3!1d3826.8164668315308!2d102.83339099999999!3d16.434145!2m3!1f0!2f0!3f0!3m2!1i1024!2i768!4f13.1!3m2!1m1!2zMTbCsDI2JzAyLjkiTiAxMDLCsDUwJzAwLjIiRQ!5e0!3m2!1sth!2sth!4v1747863351434!5m2!1sth!2sth', 16.4341450, 102.8333910),
(90, 'ก๋วยเตี๋ยวเนื้อเฮียจ่อย', 'เฮียจ่อยหรือคุณพ่อของเจ้าของร้านเป็นคนคิดค้นสูตรก๋วยเตี๋ยวเนื้อสุดอร่อยที่ขายมานานกว่า 40 ปี ก๋วยเตี๋ยวเนื้อเครื่องแน่นถึงใจ ทั้งเนื้อสไลด์สุดชุ่มฉ่ำ ลูกชิ้นเนื้อเด้ง และเครื่องใน พร้อมน้ำซุปกระดูกวัวหอมกรุ่น สะเต๊ะเนื้อก็เป็นอีกเมนูแนะนำ เพราะรสชาติกลมกล่อมและมีกลิ่นหอม\r\n\r\nเมนูแนะนำ: ก๋วยเตี๋ยวเนื้อรวม\r\n\r\nบริการ: การให้บริการแบบเต็มรูปแบบ (Full-Service Restaurant)\r\n\r\nเวลาเปิดร้าน: พฤหัสบดี - อาทิตย์ 9.15 - 15.00', 0.00, '/uploads/northeastern/img_1747863425855_c816f641-552c-4ce4-a64f-de997d36b72e.jpg', 'northeastern', '2025-05-21 21:37:05', 'https://www.google.com/maps/embed?pb=!1m17!1m12!1m3!1d3826.334171799566!2d102.8444543!3d16.458608299999998!2m3!1f0!2f0!3f0!3m2!1i1024!2i768!4f13.1!3m2!1m1!2zMTbCsDI3JzMxLjAiTiAxMDLCsDUwJzQwLjAiRQ!5e0!3m2!1sth!2sth!4v1747863409575!5m2!1sth!2sth', 16.4586083, 102.8444543),
(91, 'โจ๊ก ก๋วยจั๊บ ต้มเส้น บัตรคิว', 'ร้านนี้ตั้งชื่อตามเมนูเด็ดของร้านที่ขายมามากว่า 30 ปี ไม่ว่าจะเป็น โจ๊ก ก๋วยจั๊บญวนเส้นสดในซุปกระดูกหมูเข้มข้น และต้มเส้นตีนไก่ ไม่ควรพลาดเลยสักจาน แนะนำให้ใส่หมูยอและไข่ลวกเพื่อความอร่อยยิ่งขึ้น และร้านจะแจกบัตรคิวให้สำหรับซื้อไปรับประทานที่บ้านช่วงที่ร้านคนแน่นมาก ๆ เท่านั้น\r\n\r\nเมนูแนะนำ: ต้มเส้น, ก๋วยจั๊บผสมต้มเส้น, โจ๊ก, หมูยอหั่น\r\n\r\nบริการ: การให้บริการแบบกึ่งบริการตัวเอง (Limited-Service Restaurant)\r\n\r\nเวลาเปิดร้าน: ทุกวัน 17.30 - 02.00', 0.00, '/uploads/northeastern/img_1747863485345_f38907b7-8b54-4cbb-bfae-2e6a5bced594.jpg', 'northeastern', '2025-05-21 21:38:05', 'https://www.google.com/maps/embed?pb=!1m17!1m12!1m3!1d3826.922274754673!2d102.8336966!3d16.4287734!2m3!1f0!2f0!3f0!3m2!1i1024!2i768!4f13.1!3m2!1m1!2zMTbCsDI1JzQzLjYiTiAxMDLCsDUwJzAxLjMiRQ!5e0!3m2!1sth!2sth!4v1747863470209!5m2!1sth!2sth', 16.4287734, 102.8336966),
(92, 'ไก่ย่างระเบียบ เขาสวนกวาง', 'ร้านที่คนรักไก่ย่างต้องปักหมุด เพราะเป็นร้านเด็ดประจำอำเภอเขาสวนกวาง แหล่งไก่ย่างที่โด่งดังที่สุดแห่งหนึ่งของประเทศ ที่นี่เลือกใช้ไก่สามสายพันธุ์ซึ่งเป็นไก่พื้นเมือง ย่างด้วยเตาถ่านที่ให้กลิ่นหอมเฉพาะตัว เนื้อไก่แน่น อร่อย นุ่มและฉ่ำ หนังบางกรอบ เครื่องในไก่ย่างสุดอร่อยมีเสิร์ฟเฉพาะสาขาแรก เนื้อสัมผัสและการปรุงรสดีเยี่ยม\r\n\r\nเมนูแนะนำ: ไก่ย่างเขาสวนกกวาง\r\n\r\nบริการ: การให้บริการแบบกึ่งบริการตัวเอง (Limited-Service Restaurant)\r\n\r\nเวลาเปิดร้าน: ทุกวัน 06.00 - 18.00', 0.00, '/uploads/northeastern/img_1747863591353_e439c5a3-2a7b-41fd-bfa4-5cb1e010be7c.jpg', 'northeastern', '2025-05-21 21:39:51', 'https://www.google.com/maps/embed?pb=!1m17!1m12!1m3!1d3826.663118048185!2d102.83080179999999!3d16.4419271!2m3!1f0!2f0!3f0!3m2!1i1024!2i768!4f13.1!3m2!1m1!2zMTbCsDI2JzMwLjkiTiAxMDLCsDQ5JzUwLjkiRQ!5e0!3m2!1sth!2sth!4v1747863535635!5m2!1sth!2sth', 16.4419271, 102.8308018),
(93, 'ขอนแก่น คอหมูย่าง', 'ร้านริมทางที่เสิร์ฟความแซ่บคู่เมืองเสียงแคนดอกคูนกว่า 25 ปี อาหารจะเน้นแค่เมนูหมู เลือกใช้เฉพาะเนื้อหมูคุณภาพดี ใช้เนื้อหมูสันคอที่ไม่แก่จนเกินไป ทำให้เนื้อหมูมีความมันนุ่มกำลังดี ไม่เหนียว บวกกับความสะอาด สะอ้าน ความสดใหม่ ซึ่งเราใช้เฉพาะเนื้อหมูสดใหม่ทุกวัน\r\n\r\nเมนูแนะนำ: คอหมูย่าง, น้ำตกคอหมูย่าง\r\n\r\nบริการ: การให้บริการแบบเต็มรูปแบบ (Full-Service Restaurant)\r\n\r\nเวลาเปิดร้าน: ทุกวัน 15.30 - 23.30', 0.00, '/uploads/northeastern/img_1747863643981_379129b2-288d-4656-854c-f7edf5512c52.jpg', 'northeastern', '2025-05-21 21:40:43', 'https://www.google.com/maps/embed?pb=!1m17!1m12!1m3!1d3826.802222858706!2d102.8362396!3d16.434867999999994!2m3!1f0!2f0!3f0!3m2!1i1024!2i768!4f13.1!3m2!1m1!2zMTbCsDI2JzA1LjUiTiAxMDLCsDUwJzEwLjUiRQ!5e0!3m2!1sth!2sth!4v1747863621099!5m2!1sth!2sth', 16.4348680, 102.8362396),
(94, 'คุณแจง ก๋วยเตี๋ยวปากหม้อเข้าวัง', 'ก๋วยเตี๋ยวปากหม้อเข้าวัง\" ร้านนี้ขายก๋วยเตี๋ยวปากหม้อ เป็นสูตรที่ถ่ายทอดมาจากคุณแม่เจ้าของร้าน และเคยขายอยู่ในกรุงเทพฯ มากว่า 30 ปี ห้ามพลาดจานเด็ดอย่างก๋วยเตี๋ยวปากหม้อต้มยำไข่และปากหม้อกุยช่าย หรือสั่งสาคูไส้หมูมาทานเล่นก็ดี \r\n\r\nเมนูแนะนำ: ยำไข่มะตูม ก๋วยเตี๋ยวปากหม้อหมูน้ำข้น \r\n\r\nบริการ: การให้บริการแบบกึ่งบริการตัวเอง (Limited-Service Restaurant) \r\n\r\nเวลาเปิดร้าน: ทุกวัน 09.00 - 16.00 ', 0.00, '/uploads/northeastern/img_1747863802249_bd9476c9-f36a-4b14-b680-595a3b4e62fd.jpg', 'northeastern', '2025-05-21 21:43:22', 'https://www.google.com/maps/embed?pb=!1m17!1m12!1m3!1d3826.999891665692!2d102.836384!3d16.4248319!2m3!1f0!2f0!3f0!3m2!1i1024!2i768!4f13.1!3m2!1m1!2zMTbCsDI1JzI5LjQiTiAxMDLCsDUwJzExLjAiRQ!5e0!3m2!1sth!2sth!4v1747863781675!5m2!1sth!2sth', 16.4248319, 102.8363840),
(95, 'เล้งเย็นตาโฟ', 'เย็นตาโฟเจ้าเด็ดที่เปิดบริการเกือบตลอด 24 ชั่วโมง เสิร์ฟความอร่อยมาตั้งแต่ พ.ศ.2527 เฮียเล้งเจ้าของร้านได้ตำรับมาจากร้านย่านเยาวราชในกรุงเทพฯ เครื่องเคราเด็ดดวงทุกอย่างตั้งแต่น้ำซุปกลมกล่อม เส้นลวกมาสุกพอดี ลูกชิ้นปลา ลูกชิ้นกุ้ง เกี๊ยวปลา ที่ทำสดๆ ใหม่ๆ ทุกวัน ไฮไลท์ของจริงคือเผือกทอดกรุบกรอบ ที่แค่กินเปล่าๆ ก็อร่อยได้แบบไม่ต้องมีน้ำจิ้ม \r\n\r\nเมนูแนะนำ: บะหมี่เย็นตาโฟ เส้นใหญ่เย็นตาโฟ เผือกทอด เกี๊ยวห่อไข่ \r\n\r\nบริการ: การให้บริการแบบกึ่งบริการตัวเอง (Limited-Service Restaurant) \r\n\r\nเวลาเปิดร้าน: ทุกวัน 07.00 - 02.30 ', 0.00, '/uploads/northeastern/img_1747863856745_149d4ff8-1175-4cbf-b313-923e49dd16d7.jpg', 'northeastern', '2025-05-21 21:44:16', 'https://www.google.com/maps/embed?pb=!1m17!1m12!1m3!1d3826.8020573649846!2d102.8360495!3d16.4348764!2m3!1f0!2f0!3f0!3m2!1i1024!2i768!4f13.1!3m2!1m1!2zMTbCsDI2JzA1LjYiTiAxMDLCsDUwJzA5LjgiRQ!5e0!3m2!1sth!2sth!4v1747863838057!5m2!1sth!2sth', 16.4348764, 102.8360495),
(96, 'เฝอท่าบ่อ', 'ร้านเฝอเจ้านี้ดูแลกิจการโดยครอบครัวชาวเวียดนามมานานกว่า 3 ทศวรรษ ปรุงทุกเมนูจากสูตรดั้งเดิมของครอบครัว เคล็ดลับของความอร่อยอยู่ที่เส้นเฝอที่ทั้งเหนียวและนุ่มส่งมาจากท่าบ่อ จ.หนองคาย เติมความอร่อยด้วยลูกชิ้นเนื้อทำเอง และเนื้อวัวสไลด์ เข้ากันเป็นอย่างดีกับน้ำซุปเนื้อปรุงสุกนานกว่า 10 ชั่วโมง \r\n\r\nเมนูแนะนำ: เฝอเนื้อ เฝอ แหนมคลุก ปอเปี๊ยะทอด \r\n\r\nบริการ: การให้บริการแบบเต็มรูปแบบ (Full-Service Restaurant) \r\n\r\nเวลาเปิดร้าน: ทุกวัน 08.00 - 17.00 ', 0.00, '/uploads/northeastern/img_1747863904556_bc9e6ca9-afbd-4d22-b1d3-af65413e2651.jpg', 'northeastern', '2025-05-21 21:45:04', 'https://www.google.com/maps/embed?pb=!1m17!1m12!1m3!1d3827.0280726671576!2d102.8372929!3d16.423400599999997!2m3!1f0!2f0!3f0!3m2!1i1024!2i768!4f13.1!3m2!1m1!2zMTbCsDI1JzI0LjIiTiAxMDLCsDUwJzE0LjMiRQ!5e0!3m2!1sth!2sth!4v1747863889279!5m2!1sth!2sth', 16.4234006, 102.8372929),
(97, 'ศรีเรือนผัดไทย (สาขาถนนรื่นจิตร)', 'เชฟศรีเรือนทำผัดไทยรสเลิศมากว่า 30 ปี พื้นเพเป็นคนพิษณุโลก และเสิร์ฟผัดไทยรสชาติโดดเด่นไม่เหมือนใครจากไข่เป็ด ไม่ว่าจะสั่งเส้นผัดไทยหรือวุ้นเส้นก็อร่อยทั้งคู่ \r\n\r\nเมนูแนะนำ: ผัดไทยไข่เป็ด ผัดไทยวุ้นเส้น ข้าวผัด ผัดมักกะโรนี \r\n\r\nบริการ: การให้บริการแบบกึ่งบริการตัวเอง (Limited-Service Restaurant) \r\n\r\nเวลาเปิดร้าน: วันศุกร์ - วันพุธ 15.00 - 21.00 \r\n\r\n', 0.00, '/uploads/northeastern/img_1747864252080_f6a25861-7876-4d35-a565-98d945a8bbd5.jpg', 'northeastern', '2025-05-21 21:50:52', 'https://www.google.com/maps/embed?pb=!1m13!1m8!1m3!1d15307.962304919007!2d102.839182!3d16.425305!3m2!1i1024!2i768!4f13.1!3m2!1m1!2zMTbCsDI1JzMxLjEiTiAxMDLCsDUwJzIxLjEiRQ!5e0!3m2!1sth!2sus!4v1747864238856!5m2!1sth!2sus', 16.4253050, 102.8391820),
(98, 'ลาบสมพิศ', 'ร้านลาบในซอยเล็ก ๆ เปิดบริการมากว่า 50 ปีแล้ว เสิร์ฟอาหารอีสานจำพวกลาบ ก้อย น้ำตก รสชาติอย่างต้นตำรับ เตรียมวัตถุดิบเองทุกวัน ทุกจานปรุงด้วยความตั้งใจโดยเฉพาะเนื้อและเครื่องในวัว เมนูพิเศษที่ต้องใช้เวลาอย่างหม่ำ ส้มเนื้อ ส้มหมู แนะนำให้รีบมาแต่เนิ่น ๆ เพราะช่วงมื้อกลางวันคนแน่นจนต้องเข้าคิว \r\n\r\nเมนูแนะนำ: คอหมูย่าง ลาบหมูสุก อ่อม ก้อยเนื้อ \r\n\r\nบริการ: การให้บริการแบบกึ่งบริการตัวเอง (Limited-Service Restaurant) \r\n\r\nเวลาเปิดร้าน: ทุกวัน 07.00 - 16.00 ', 0.00, '/uploads/northeastern/img_1747864320519_2c27cb4a-7533-4e5c-8bdb-ae4358e90c0b.jpg', 'northeastern', '2025-05-21 21:52:00', 'https://www.google.com/maps/embed?pb=!1m17!1m12!1m3!1d3854.2393302280375!2d102.087436!3d14.979413999999998!2m3!1f0!2f0!3f0!3m2!1i1024!2i768!4f13.1!3m2!1m1!2zMTTCsDU4JzQ1LjkiTiAxMDLCsDA1JzE0LjgiRQ!5e0!3m2!1sth!2sth!4v1747864299141!5m2!1sth!2sth', 14.9794140, 102.0874360),
(99, 'อรุณีแหนมเนือง', 'อรุณีแหนมเนือง เป็นร้านอาหารเวียดนามชื่อดังของจังหวัดอุดรธานี ที่ขึ้นชื่อเรื่อง แหนมเนือง รสชาติต้นตำรับแท้ๆ เสิร์ฟพร้อมผักสด เครื่องเคียงแน่น และน้ำจิ้มสูตรเฉพาะของทางร้านที่กลมกล่อมไม่เหมือนใคร \r\n\r\nเมนูแนะนำ: แหนมคลุก พิซซ่าเวียดนาม ปากหม้อ เมี่ยงสด \r\n\r\nบริการ: การให้บริการแบบเต็มรูปแบบ (Full-Service Restaurant) \r\n\r\nเวลาเปิดร้าน: ทุกวัน 09.30 - 17.00 ', 0.00, '/uploads/northeastern/img_1747864387240_bc645897-cf9b-42b0-8111-2773d7030604.jpg', 'northeastern', '2025-05-21 21:53:07', 'https://www.google.com/maps/embed?pb=!1m17!1m12!1m3!1d3807.0312955547743!2d102.7866324!3d17.410285699999996!2m3!1f0!2f0!3f0!3m2!1i1024!2i768!4f13.1!3m2!1m1!2zMTfCsDI0JzM3LjAiTiAxMDLCsDQ3JzExLjkiRQ!5e0!3m2!1sth!2sth!4v1747864356686!5m2!1sth!2sth', 17.4102857, 102.7866324),
(100, 'ครัวคุณนิด', 'ร้านอาหารอีสานโปร่งโล่งโอ่โถงน่านั่งแห่งนี้เป็นร้านขวัญใจคนท้องถิ่นมากว่า 40 ปี เสิร์ฟอาหารจานใหญ่จุใจ เมนูชูความโดดเด่นของอาหารตามฤดูกาล รวมทั้งเมนูคลาสสิกอย่างปลาส้มทอด หนังกรอบ เนื้อปลาสดฉ่ำละมุนลิ้น และต้มยำปลาช่อนรสเด็ด พนักงานบริการด้วยรอยยิ้มและกระตือรือร้นที่จะแนะนำอาหารให้ลองรับประทาน \r\n\r\nเมนูแนะนำ: ตำลาว ปลาส้มทอด ไก่นึ่งแจ่ว คอหมูย่าง \r\n\r\nบริการ: การให้บริการแบบเต็มรูปแบบ (Full-Service Restaurant) \r\n\r\nเวลาเปิดร้าน: ทุกวัน 10.00 - 20.00 ', 0.00, '/uploads/northeastern/img_1747864445023_dd677570-097a-4634-9eae-8734b1917e87.jpg', 'northeastern', '2025-05-21 21:54:05', 'https://www.google.com/maps/embed?pb=!1m17!1m12!1m3!1d3806.694410924338!2d102.786835!3d17.426447!2m3!1f0!2f0!3f0!3m2!1i1024!2i768!4f13.1!3m2!1m1!2zMTfCsDI1JzM1LjIiTiAxMDLCsDQ3JzEyLjYiRQ!5e0!3m2!1sth!2sth!4v1747864419510!5m2!1sth!2sth', 17.4264470, 102.7868350),
(101, 'บ้านเทพา', 'เชฟตาม-ชุดารี เทพาคำ ให้ความสำคัญกับหลักการ Farm to Table จึงนำแบบแผนนั้นมาปรับใช้และรังสรรค์เมนูอย่างพิถีพิถัน นำเสนออาหารไทยร่วมสมัยโดยเลือกใช้วัตถุดิบตามฤดูกาล เมนูพาคุณท่องโลกอาหารจากทั่วไทย กลิ่นและรสชาติตัดกันอย่างยอดเยี่ยม\r\n\r\nเมนูแนะนำ: อาหารเป็นคอร์ส\r\n\r\nบริการ: การให้บริการแบบเต็มรูปแบบ (Full-Service Restaurant)\r\n\r\nเวลาเปิดร้าน: พุธ - อาทิตย์ 18.00 - 22.30', 0.00, '/uploads/central/img_1747865379140_adf8c308-fd53-4575-b76b-4a94c40062d7.jpg', 'central', '2025-05-21 22:09:39', 'https://www.google.com/maps/embed?pb=!1m17!1m12!1m3!1d3875.2995535573264!2d100.6263537!3d13.7608005!2m3!1f0!2f0!3f0!3m2!1i1024!2i768!4f13.1!3m2!1m1!2zMTPCsDQ1JzM4LjkiTiAxMDDCsDM3JzM0LjkiRQ!5e0!3m2!1sth!2sth!4v1747865348849!5m2!1sth!2sth', 13.7608005, 100.6263537),
(102, 'อัคคี', 'ร้านอาหารไทยรสจัดจ้านจากภูมิภาคต่าง ๆ เสิร์ฟในบรรยากาศแสงสลัวสุดพิเศษ เชฟสิทธิกรปรับสูตรอาหารไทยคลาสสิกให้เข้ากับวัตถุดิบตามฤดูกาลในครัวเรียบง่าย รสชาติชัดเจนและมีเอกลักษณ์\r\n\r\nเมนูแนะนำ: ยำกุ้งแม่น้ำบูดูสายบุรี, แกงฟักทองมันปู, น้ำพริกแมงมันกับหนอนด้วงมะพร้าว\r\n\r\nบริการ: การให้บริการแบบเต็มรูปแบบ (Full-Service Restaurant)\r\n\r\nเวลาเปิดร้าน:\r\n\r\nจันทร์ - ศุกร์ 17.30 - 23.00\r\n\r\nเสาร์, อาทิตย์ 12.00 - 15.00 และ 17.30 - 23.00', 0.00, '/uploads/central/img_1747865436424_b8fcfa4b-9636-4171-8d5f-c95cbcfc7d1c.jpg', 'central', '2025-05-21 22:10:36', 'https://www.google.com/maps/embed?pb=!1m17!1m12!1m3!1d3873.0067406208827!2d100.515149!3d13.898544999999999!2m3!1f0!2f0!3f0!3m2!1i1024!2i768!4f13.1!3m2!1m1!2zMTPCsDUzJzU0LjgiTiAxMDDCsDMwJzU0LjUiRQ!5e0!3m2!1sth!2sth!4v1747865430759!5m2!1sth!2sth', 13.8985450, 100.5151490),
(103, 'เสน่ห์จันทน์', 'านอาหารไทยที่พัฒนาเมนูโบราณให้มีรูปแบบใหม่ รังสรรค์ด้วยความใส่ใจ หลายเมนูเป็นตำรับชาววังหาทานยาก พร้อมบาร์นั่งชิลล์เสิร์ฟค็อกเทลสูตรเฉพาะที่ใช้สุราและสมุนไพรไทย\r\n\r\nเมนูแนะนำ: ยำเสน่ห์นาง, ไก่บ้านตะนาวศรีคั่วใบจั๋น, เนื้อริบอายย่างน้ำจิ้มแจ่วอีสาน\r\n\r\nบริการ: การให้บริการแบบเต็มรูปแบบ (Full-Service Restaurant)\r\n\r\nเวลาเปิดร้าน: ทุกวัน 11.30 - 14.00 และ 16.00 - 22.00', 0.00, '/uploads/central/img_1747865481014_e8300a2e-9f0e-47d6-b8a2-7312ae1584de.jpg', 'central', '2025-05-21 22:11:21', 'https://www.google.com/maps/embed?pb=!1m17!1m12!1m3!1d3875.7130610698614!2d100.54557319999999!3d13.735814199999998!2m3!1f0!2f0!3f0!3m2!1i1024!2i768!4f13.1!3m2!1m1!2zMTPCsDQ0JzA4LjkiTiAxMDDCsDMyJzQ0LjEiRQ!5e0!3m2!1sth!2sth!4v1747865474883!5m2!1sth!2sth', 13.7358142, 100.5455732),
(104, 'สวนทิพย์', 'ร้านริมน้ำร่มรื่น เปิดมากว่า 40 ปี เสิร์ฟอาหารไทยต้นตำรับ โดยมีเมนูโบราณหายากจากรั้วในวัง เช่น ของว่างแบบห่อคำน้อยและเมี่ยงบัวหลวง\r\n\r\nเมนูแนะนำ: ปลากระพงเจี๋ยนน้ำมะขาม, เมี่ยงกลีบบัว, ยำสวนทิพย์\r\n\r\nบริการ: การให้บริการแบบเต็มรูปแบบ (Full-Service Restaurant)\r\n\r\nเวลาเปิดร้าน: ทุกวัน 11.00 - 21.30', 0.00, '/uploads/central/img_1747865522875_982ba271-4660-41a0-b1d4-6a5d1d294b42.jpg', 'central', '2025-05-21 22:12:02', 'https://www.google.com/maps/embed?pb=!1m17!1m12!1m3!1d3872.531981488806!2d100.502316!3d13.9269!2m3!1f0!2f0!3f0!3m2!1i1024!2i768!4f13.1!3m2!1m1!2zMTPCsDU1JzM2LjgiTiAxMDDCsDMwJzA4LjMiRQ!5e0!3m2!1sth!2sth!4v1747865516982!5m2!1sth!2sth', 13.9269000, 100.5023160),
(105, 'โพทง', ' ร้านในอาคารเก่าแก่สไตล์ชิโน-โปรตุกีส เสิร์ฟ Tasting menu โดยเชฟแพม เมนูเด่นคืออกเป็ด แนะนำให้จับคู่กับไวน์เพื่ออรรถรสที่ดียิ่งขึ้น\r\n\r\nเมนูแนะนำ: อาหารเป็นคอร์ส (Tasting Menu)\r\n\r\nบริการ: การให้บริการแบบเต็มรูปแบบ (Full-Service Restaurant)\r\n\r\nเวลาเปิดร้าน: ทุกวัน 10.00 - 19.00', 0.00, '/uploads/central/img_1747865569668_79c0a8c3-f898-4423-8a67-77720c5b18ad.jpg', 'central', '2025-05-21 22:12:49', 'https://www.google.com/maps/embed?pb=!1m17!1m12!1m3!1d3875.661652536451!2d100.5087179!3d13.738922999999996!2m3!1f0!2f0!3f0!3m2!1i1024!2i768!4f13.1!3m2!1m1!2zMTPCsDQ0JzIwLjEiTiAxMDDCsDMwJzMxLjQiRQ!5e0!3m2!1sth!2sth!4v1747865563205!5m2!1sth!2sth', 13.7389230, 100.5087179),
(106, 'บ้านผู้การ', 'ร้านเรียบง่ายในบ้านเชฟ เสิร์ฟอาหารไทยรสเยี่ยมจากวัตถุดิบท้องถิ่นและอาหารทะเลสด แนะนำโทรสั่งหรือจองโต๊ะล่วงหน้า โดยเฉพาะวันหยุด\r\n\r\nเมนูแนะนำ: ฉู่ฉี่ปลาคัง, เขียวหวานทะเลผัดแห้ง, ปูก้อนผัดผงกะหรี่\r\n\r\nบริการ: การให้บริการแบบกึ่งบริการตัวเอง (Limited-Service Restaurant)\r\n\r\nเวลาเปิดร้าน:\r\n\r\nจันทร์ 09.30 - 19.00\r\n\r\nพุธ - อาทิตย์ 09.30 - 19.00', 0.00, '/uploads/central/img_1747865624399_5c9c0265-6cdd-4e45-aaa9-8f152e8f4426.jpg', 'central', '2025-05-21 22:13:44', 'https://www.google.com/maps/embed?pb=!1m17!1m12!1m3!1d3864.6110579743377!2d100.52978!3d14.391900999999999!2m3!1f0!2f0!3f0!3m2!1i1024!2i768!4f13.1!3m2!1m1!2zMTTCsDIzJzMwLjgiTiAxMDDCsDMxJzQ3LjIiRQ!5e0!3m2!1sth!2sth!4v1747865619698!5m2!1sth!2sth', 14.3919010, 100.5297800),
(107, 'ปลาดิษฐ์', ' ร้านเสิร์ฟอาหารไทยเป็นสำรับพร้อมข้าวหมกกระบก ใช้วัตถุดิบท้องถิ่นตามฤดูกาล อาหารแต่ละจานกลมกล่อมและซับซ้อน เหมาะสำหรับรับประทานกันเองในครอบครัว\r\n\r\nเมนูแนะนำ: แกงคั่วสับปะรดหอยสิ่ว, ปูผัดตั้งฉ่าย, หมึกผัดน้ำปลา\r\n\r\nบริการ: การให้บริการแบบเต็มรูปแบบ (Full-Service Restaurant)\r\n\r\nเวลาเปิดร้าน: ทุกวัน 11.00 - 21.00', 0.00, '/uploads/central/img_1747865734882_d895e226-147a-46e1-b2e3-0c9152ada482.jpg', 'central', '2025-05-21 22:15:34', 'https://www.google.com/maps/embed?pb=!1m17!1m12!1m3!1d3889.871889778245!2d100.90367499999999!3d12.85155!2m3!1f0!2f0!3f0!3m2!1i1024!2i768!4f13.1!3m2!1m1!2zMTLCsDUxJzA1LjYiTiAxMDDCsDU0JzEzLjIiRQ!5e0!3m2!1sth!2sth!4v1747865730404!5m2!1sth!2sth', 12.8515500, 100.9036750),
(108, 'เรือนปั้นหยา', 'ร้านอาหารครอบครัวเล็ก ๆ ที่มีชื่อเสียงจากปากต่อปาก เสิร์ฟอาหารทะเลสดใหม่จากวัตถุดิบท้องถิ่น ปรุงอย่างพิถีพิถันโดยเจ้าของร้าน ในบรรยากาศเหมือนทานข้าวในพิพิธภัณฑ์ศิลปะ\r\n\r\nเมนูแนะนำ: หลนปูเนื้อ, กุ้งกุลาอบเกลือ, ปลาเนื้ออ่อนฉู่ฉี่\r\n\r\nบริการ: การให้บริการแบบเต็มรูปแบบ (Full-Service Restaurant)\r\n\r\nเวลาเปิดร้าน: ทุกวัน 11.00 - 21.00', 0.00, '/uploads/central/img_1747865784620_c371c925-40ab-4367-b2b5-0486f04e0e0a.jpg', 'central', '2025-05-21 22:16:24', 'https://www.google.com/maps/embed?pb=!1m18!1m12!1m3!1d3878.6291948923486!2d100.2825245!3d13.5583239!2m3!1f0!2f0!3f0!3m2!1i1024!2i768!4f13.1!3m3!1m2!1s0x30e2b85e20caeebd%3A0x3a6ceff9b586bf66!2z4Lij4LmJ4Liy4LiZ4Lit4Liy4Lir4Liy4LijIOC5gOC4o-C4t-C4reC4meC4m-C4seC5ieC4meC4q-C4ouC4sg!5e0!3m2!1sth!2sth!4v1747865745844!5m2!1sth!2sth', 13.5583239, 100.2825245),
(109, 'แกงป่าลุงสง่า', 'ร้านอาหารพื้นบ้านยอดนิยมของชาวนนทบุรีกว่า 20 ปี ได้รับรางวัลบิบ กูร์มองด์จากมิชลิน ไกด์ ใช้วัตถุดิบท้องถิ่นตามฤดูกาล ปรุงแบบครอบครัว รสชาติจัดจ้านแต่ทานได้ทุกวัน\r\n\r\nเมนูแนะนำ: แกงป่าปลากราย, ดุกย่างผัดขี้เมา, ซี่โครงอ่อนพิโรธ\r\n\r\nบริการ: การให้บริการแบบเต็มรูปแบบ (Full-Service Restaurant)\r\n\r\nเวลาเปิดร้าน: ทุกวัน 10.00 - 21.00', 0.00, '/uploads/central/img_1747865822433_57b3037f-7bdb-4772-b4a8-6085acfbf841.jpg', 'central', '2025-05-21 22:17:02', 'https://www.google.com/maps/embed?pb=!1m18!1m12!1m3!1d3873.5647384604445!2d100.5356005!3d13.8651459!2m3!1f0!2f0!3f0!3m2!1i1024!2i768!4f13.1!3m3!1m2!1s0x30e29caece4a94ab%3A0x858f7b5414883297!2z4Lij4LmJ4Liy4LiZ4Lit4Liy4Lir4Liy4Lij4LmB4LiB4LiH4Lib4LmI4LiyIOC4peC4uOC4h-C4quC4h-C5iOC4sg!5e0!3m2!1sth!2sth!4v1747865805100!5m2!1sth!2sth', 13.8651459, 100.5356005),
(110, 'ครัวลุงแฉ่ว', 'ร้านลับบรรยากาศอบอุ่น เสิร์ฟอาหารเน้นวัตถุดิบสดใหม่ตามธรรมชาติ รสชาติเข้มข้น หมึกน้ำดำคือเมนูเด็ดที่ห้ามพลาด\r\n\r\nเมนูแนะนำ: ปลาวัวทอดน้ำเปล่า, แกงคั่วปูไข่, หมึกผัดน้ำดำ\r\n\r\nบริการ: การให้บริการแบบเต็มรูปแบบ (Full-Service Restaurant)\r\n\r\nเวลาเปิดร้าน: ทุกวัน 10.00 - 20.00', 0.00, '/uploads/central/img_1747865870499_c07de666-a558-49b0-a568-919e8181d03d.jpg', 'central', '2025-05-21 22:17:50', 'https://www.google.com/maps/embed?pb=!1m18!1m12!1m3!1d3888.809630417282!2d100.94151169999999!3d12.9199538!2m3!1f0!2f0!3f0!3m2!1i1024!2i768!4f13.1!3m3!1m2!1s0x3102950cab68ede3%3A0x558929cda5296153!2z4LiE4Lij4Lix4Lin4Lil4Li44LiH4LmB4LiJ4LmI4Lin!5e0!3m2!1sth!2sth!4v1747865846932!5m2!1sth!2sth', 12.9199538, 100.9415117),
(111, 'บางกอกโบลด์ (สาขาปทุมวัน)', 'ร้านอาหารที่เติบโตจากโรงเรียนสอนทำอาหาร เชฟน้อยนำแรงบันดาลใจจากการเดินทางทั่วโลกมาปรับเมนูไทยให้รสจัดจ้านและจัดจานอย่างมีศิลปะ\r\n\r\nเมนูแนะนำ: ข้าวตังหน้าปู, ทอดมันปลาใบโหระพาสด, ยำส้มโอมะพร้าวคั่ว\r\n\r\nบริการ: การให้บริการแบบเต็มรูปแบบ (Full-Service Restaurant)\r\n\r\nเวลาเปิดร้าน: ทุกวัน 11.00 - 22.00', 0.00, '/uploads/central/img_1747865912250_438ff32a-e2f2-46bf-a0b5-2276dc8b2a5a.jpg', 'central', '2025-05-21 22:18:32', 'https://www.google.com/maps/embed?pb=!1m18!1m12!1m3!1d3875.5759121001433!2d100.546082!3d13.744106399999998!2m3!1f0!2f0!3f0!3m2!1i1024!2i768!4f13.1!3m3!1m2!1s0x30e29fa8177a2d69%3A0x16bcfc9d43c6d059!2sBangkok%20Bold%20Kitchen%20at%20Central%20Embassy!5e0!3m2!1sth!2sth!4v1747865888605!5m2!1sth!2sth', 13.7441064, 100.5460820),
(112, 'ขาล', 'ร้านใหม่ของเชฟอ้อม สุจิรา เสิร์ฟอาหารไทยร่วมสมัยด้วยวัตถุดิบเฉพาะถิ่น ใช้เทคนิคสมัยใหม่รังสรรค์เมนู พร้อมตกแต่งภายในด้วยโทนสีแดงเข้ม หรูหรา\r\n\r\nเมนูแนะนำ: หอยเชลล์ลาบเมือง, มันปูนาข้าวเหนียวย่าง, ข้าวพันผัก\r\n\r\nบริการ: การให้บริการแบบเต็มรูปแบบ (Full-Service Restaurant)\r\n\r\nเวลาเปิดร้าน: อังคาร - อาทิตย์ 17.00 - 23.59', 0.00, '/uploads/central/img_1747866010881_c5dfe8dd-0aea-431c-b0ce-fb99bf3d852c.jpg', 'central', '2025-05-21 22:20:10', 'https://www.google.com/maps/embed?pb=!1m18!1m12!1m3!1d3875.5759121001433!2d100.546082!3d13.744106399999998!2m3!1f0!2f0!3f0!3m2!1i1024!2i768!4f13.1!3m3!1m2!1s0x30e29fa8177a2d69%3A0x16bcfc9d43c6d059!2sBangkok%20Bold%20Kitchen%20at%20Central%20Embassy!5e0!3m2!1sth!2sth!4v1747865888605!5m2!1sth!2sth', 13.7441064, 100.5460820),
(113, 'นุสรา', 'ร้านของเชฟต้น-ธิติฏฐ์ ทัศนาขจร จาก Le Du เสิร์ฟอาหารไทยดั้งเดิมแบบทันสมัย วัตถุดิบคุณภาพจากทั่วประเทศ บรรยากาศอบอุ่น ได้แรงบันดาลใจจากคุณยาย\r\n\r\nเมนูแนะนำ: ซี่โครงเนื้อวากิวซอสกะเพราแดง, ยำปลาหมึก, แกงปูใบชะพลูกับหมี่กรอบ\r\n\r\nบริการ: การให้บริการแบบเต็มรูปแบบ (Full-Service Restaurant)\r\n\r\nเวลาเปิดร้าน: ทุกวัน 18.30 - 21.30', 0.00, '/uploads/central/img_1747866054248_6f995614-8199-405e-97e3-a4e57816a4b3.jpg', 'central', '2025-05-21 22:20:54', 'https://www.google.com/maps/embed?pb=!1m18!1m12!1m3!1d3875.5495024085885!2d100.49152819999999!3d13.7457026!2m3!1f0!2f0!3f0!3m2!1i1024!2i768!4f13.1!3m3!1m2!1s0x30e29943777af77b%3A0xf244d0d180904b2f!2z4LiZ4Li44Liq4Lij4Liy!5e0!3m2!1sth!2sth!4v1747866038924!5m2!1sth!2sth', 13.7457026, 100.4915282),
(114, 'แสง ท่าเตียน', 'ร้านอาหารไทยรสมือแม่ในอาคารโรงน้ำแข็งเก่าตกแต่งสไตล์ย้อนยุค วัตถุดิบสดใหม่ปรุงอย่างพิถีพิถัน บรรยากาศอบอุ่นเหมือนบ้านเพื่อน\r\n\r\nเมนูแนะนำ: Set menu (เปลี่ยนทุกเดือน)\r\n\r\nบริการ: การให้บริการแบบเต็มรูปแบบ (Full-Service Restaurant)\r\n\r\nเวลาเปิดร้าน: อังคาร - อาทิตย์ 13.00 - 22.00', 0.00, '/uploads/central/img_1747866089510_8b8ea20d-fe14-4404-8e40-3541b470b583.jpg', 'central', '2025-05-21 22:21:29', 'https://www.google.com/maps/embed?pb=!1m18!1m12!1m3!1d3875.5575851326607!2d100.49143430000002!3d13.745214100000002!2m3!1f0!2f0!3f0!3m2!1i1024!2i768!4f13.1!3m3!1m2!1s0x30e299248b8e8983%3A0x67443dd0434f73a7!2z4LmB4Liq4LiHIOC4l-C5iOC4suC5gOC4leC4teC4ouC4mQ!5e0!3m2!1sth!2sth!4v1747866066748!5m2!1sth!2sth', 13.7452141, 100.4914343),
(115, 'Samut สมุทร', 'ร้านอาหารตั้งอยู่ในพื้นที่ล็อบบี้โรงแรม เสิร์ฟเมนูจากมหาสมุทรตามวิถีของเกาะภูเก็ต ทั้งเมนูตีความใหม่จากติ่มซำภูเก็ต และเซ็ตเมนูที่เน้นอาหารทะเลท้องถิ่น\r\n\r\nเมนูแนะนำ: เบือกุ้งย่าง, พริกแกงหอยหมาก, ข้าวยำ, ยำหอยหลอด, เปาะเปี๊ยะกุ้ง, ปลากอและ, แกงคั่วหอยมะระ, ปลาต้มเต้าเจี้ยว, ตูโบ้, มันหวานพูเร, กะทิเค็ม\r\n\r\nบริการ: การให้บริการแบบเต็มรูปแบบ (Full-Service Restaurant)\r\n\r\nเวลาเปิดร้าน: จันทร์, พฤหัสบดี, ศุกร์ 17:00 - 23:00 / เสาร์-อาทิตย์ (เฉพาะมื้อกลางวัน) / ปิดอังคาร-พุธ', 0.00, '/uploads/south/img_1747889094398_aa654fdd-022b-42e0-a48c-90ad99be6fe4.jpg', 'south', '2025-05-22 04:44:54', 'https://www.google.com/maps/embed?pb=!1m17!1m12!1m3!1d3953.077129133202!2d98.31008899999999!3d7.7816469999999995!2m3!1f0!2f0!3f0!3m2!1i1024!2i768!4f13.1!3m2!1m1!2zN8KwNDYnNTMuOSJOIDk4wrAxOCczNi4zIkU!5e0!3m2!1sth!2sth!4v1747889016248!5m2!1sth!2sth', 7.7816470, 98.3100890),
(116, 'ข้าวหอม', 'ร้านอาหารพื้นบ้านปักษ์ใต้ สูตรประจำตระกูลส่งต่อมากว่า 100 ปี บรรยากาศแบบศาลาเปิดโล่ง พร้อมห้องแอร์และที่จอดรถกว้างขวาง ห่างสนามบินเพียง 5 นาที\r\n\r\nเมนูแนะนำ: แกงส้มปลากรายยอดมะพร้าว, หมูโค, ผัดเผ็ดเห็ดหลุบ, ปลาหมึกผัดไข่เค็ม, ฉู่ฉี่กุ้งใหญ่\r\n\r\nบริการ: การให้บริการแบบเต็มรูปแบบ (Full-Service Restaurant)\r\n\r\nเวลาเปิดร้าน: ทุกวัน 10.30 - 22.00', 0.00, '/uploads/south/img_1747889224559_9409ab56-e1a3-474a-9d9a-c7f01d1248de.jpg', 'south', '2025-05-22 04:47:04', 'https://www.google.com/maps/embed?pb=!1m18!1m12!1m3!1d44513.20151161294!2d100.03520601980182!3d9.556565293311817!2m3!1f0!2f0!3f0!3m2!1i1024!2i768!4f13.1!3m3!1m2!1s0x3054f0130ce355a1%3A0xd78edf7dd26d6f3e!2z4Lij4LmJ4Liy4LiZ4LiC4LmJ4Liy4Lin4Lir4Lit4Lih!5e0!3m2!1sth!2sth!4v1747889186825!5m2!1sth!2sth', 9.5565653, 100.0352060),
(117, 'จุมโพ่', 'อาหารเปอรานากันแท้จากตำรับอาก๋งผู้เคยเป็นจุมโพ่ (พ่อครัวเรือ) สูตรกว่า 80 ปี ตกแต่งร้านด้วยเฟอร์นิเจอร์สไตล์ชิโนโปรตุกีส สะท้อนประวัติศาสตร์ครอบครัว\r\n\r\nเมนูแนะนำ: จอแร้ง, มะเขือม๊อบ, ผัดหัวบังก๊วน\r\n\r\nบริการ: การให้บริการแบบเต็มรูปแบบ (Full-Service Restaurant)\r\n\r\nเวลาเปิดร้าน: ทุกวัน 11.00 - 21.30', 0.00, '/uploads/south/img_1747889285237_79f4a10f-d819-4dbd-bf9d-fff143fe2557.jpg', 'south', '2025-05-22 04:48:05', 'https://www.google.com/maps/embed?pb=!1m18!1m12!1m3!1d3944.2030815668795!2d98.2528012!3d8.672228000000002!2m3!1f0!2f0!3f0!3m2!1i1024!2i768!4f13.1!3m3!1m2!1s0x3050e935e18f71fd%3A0x265ef5eb48c26944!2sJuumpo%20family%20recipes!5e0!3m2!1sth!2sth!4v1747889273691!5m2!1sth!2sth', 8.6722280, 98.2528012),
(118, 'ร้านติดจาน Dish-Aholics', 'ร้านอาหารบรรยากาศร่มรื่น ตกแต่งด้วยจานเซรามิกทั่วร้าน เหมาะกับการถ่ายรูป เมนูหลากหลาย ทั้งไทย ฟิวชัน และเพื่อสุขภาพ\r\n\r\nเมนูแนะนำ: สลัดติดจาน, ข้าวไก่ผัดเม็ดมะม่วงหิมพานต์, แกงส้มกุ้งชะอมไข่, แกงคั่วใบชะพลูปู\r\n\r\nบริการ: การให้บริการแบบเต็มรูปแบบ (Full-Service Restaurant)\r\n\r\nเวลาเปิดร้าน: ทุกวัน 11.00 - 20.00', 0.00, '/uploads/south/img_1747889341567_b4c76cb8-87ce-43d6-abc5-e388f6661fb1.jpg', 'south', '2025-05-22 04:49:01', 'https://www.google.com/maps/embed?pb=!1m18!1m12!1m3!1d3959.557725354666!2d100.5677858!3d7.0611376!2m3!1f0!2f0!3f0!3m2!1i1024!2i768!4f13.1!3m3!1m2!1s0x304d2d635ab6bc6d%3A0x198884f199a68218!2z4Lij4LmJ4Liy4LiZ4LiV4Li04LiU4LiI4Liy4LiZIERpc2gtQWhvbGljcw!5e0!3m2!1sth!2sth!4v1747889337429!5m2!1sth!2sth', 7.0611376, 100.5677858),
(119, 'ถอดรองเท้า Tod Long Tao', 'ร้านอาหารพื้นเมืองชื่อดังในระนอง บรรยากาศเหมือนทานข้าวที่บ้านเพื่อน เรียบง่าย เน้นรสชาติจัดจ้านแต่กลมกล่อมของอาหารใต้\r\n\r\nเมนูแนะนำ: กุ้งกะปิผัดสะตอ, ปูนิ่มทอดกระเทียม, แกงส้มไข่ปลา, ยำไข่ปลา\r\n\r\nบริการ: การให้บริการแบบเต็มรูปแบบ (Full-Service Restaurant)\r\n\r\nเวลาเปิดร้าน: ทุกวัน 11.00 - 18.30', 0.00, '/uploads/south/img_1747889400299_2f559512-7e78-4961-9953-764f0aba4ff4.jpg', 'south', '2025-05-22 04:50:00', 'https://www.google.com/maps/embed?pb=!1m18!1m12!1m3!1d3929.611177983236!2d98.6403801!3d9.966271800000001!2m3!1f0!2f0!3f0!3m2!1i1024!2i768!4f13.1!3m3!1m2!1s0x3056501faebf55a1%3A0x87bee29081c74e8c!2sTod%20Long%20Tao%20Restaurant!5e0!3m2!1sth!2sth!4v1747889391991!5m2!1sth!2sth', 9.9662718, 98.6403801),
(120, 'สะเต๊ะคุณทิพย์', 'ร้านสะเต๊ะชื่อดังครองใจลูกค้าเกือบ 50 ปี หมักเนื้อหลายชนิด 2 วันก่อนย่างด้วยเตาถ่านร้อน ๆ หอมกลิ่นกะทิและเตาย่าง มีทั้งไก่, หมู, กุ้ง, เครื่องในหมู\r\n\r\nเมนูแนะนำ: หมูสะเต๊ะ, ไส้สะเต๊ะ, ลูกชก\r\n\r\nบริการ: การให้บริการแบบเต็มรูปแบบ (Full-Service Restaurant)\r\n\r\nเวลาเปิดร้าน: จันทร์, อังคาร, ศุกร์, เสาร์, อาทิตย์ 11.00 - 18.30 (หยุดพุธ, พฤหัสบดี)', 0.00, '/uploads/south/img_1747889457149_960cb37e-26bc-44b1-90e4-25071ab9e86c.jpg', 'south', '2025-05-22 04:50:57', 'https://www.google.com/maps/embed?pb=!1m18!1m12!1m3!1d3946.3880993257303!2d98.5311773!3d8.4615871!2m3!1f0!2f0!3f0!3m2!1i1024!2i768!4f13.1!3m3!1m2!1s0x305101743243ce5d%3A0x196b32b3e3f09799!2z4Lir4Lih4Li54Liq4Liw4LmA4LiV4LmK4Liw4LmA4Lih4Li34Lit4LiH4Lie4Lix4LiH4LiH4LiyIOC4hOC4uOC4k-C4l-C4tOC4nuC4ouC5jA!5e0!3m2!1sth!2sth!4v1747889424552!5m2!1sth!2sth', 8.4615871, 98.5311773),
(121, 'เสบียงเล ละไม สมุย', 'ร้านอาหารทะเลพื้นบ้านชื่อดังริมชายหาดละไม บรรยากาศดี ติดทะเล เหมาะกับการชมพระอาทิตย์ตกยามเย็น พร้อมอาหารทะเลสดใหม่\r\n\r\nเมนูแนะนำ: กุ้งใหญ่ทอดซอสมะขาม, ยำเสบียงเล, แกงคั่วเห็ดหลุบ, วายคั่ว, กั้งทอดกระเทียม\r\n\r\nบริการ: การให้บริการแบบเต็มรูปแบบ (Full-Service Restaurant)\r\n\r\nเวลาเปิดร้าน: ทุกวัน 10.00 - 22.00', 0.00, '/uploads/south/img_1747889495076_e4e3eeac-b138-45d2-acfe-ac6efc07e5c0.jpg', 'south', '2025-05-22 04:51:35', 'https://www.google.com/maps/embed?pb=!1m18!1m12!1m3!1d3935.638264235891!2d100.0365111!3d9.453083299999998!2m3!1f0!2f0!3f0!3m2!1i1024!2i768!4f13.1!3m3!1m2!1s0x3054f2532e2b4e35%3A0x24abcfc3aac4646f!2z4Lij4LmJ4Liy4LiZ4Lit4Liy4Lir4Liy4Lij4LmA4Liq4Lia4Li14Lii4LiH4LmA4Lil!5e0!3m2!1sth!2sth!4v1747889475497!5m2!1sth!2sth', 9.4530833, 100.0365111),
(122, 'น้องณี', 'ร้านอาหารพื้นบ้านบรรยากาศเรียบง่ายเป็นกันเอง เหมือนทานข้าวบ้านญาติ ใช้วัตถุดิบสดใหม่ โดยเฉพาะอาหารทะเลท้องถิ่น รสจัดถึงใจ\r\n\r\nเมนูแนะนำ: หอยเจดีย์ผัดเผ็ด, ยำหัวปลี, ยำถั่วฟู, ผักกูด, แกงส้มปู, ไข่เจียวหอยนางรม\r\n\r\nบริการ: การให้บริการแบบเต็มรูปแบบ (Full-Service Restaurant)\r\n\r\nเวลาเปิดร้าน: ทุกวัน 10.00 - 21.00', 0.00, '/uploads/south/img_1747889544101_a7e30143-3d61-452b-b188-913809e3f18d.jpg', 'south', '2025-05-22 04:52:24', 'https://www.google.com/maps/embed?pb=!1m18!1m12!1m3!1d253586.98941520732!2d99.91924785!3d6.73360995!2m3!1f0!2f0!3f0!3m2!1i1024!2i768!4f13.1!3m3!1m2!1s0x304c8d70c5d047e9%3A0x6c52fda6eb4fe7e5!2z4Lij4LmJ4Liy4LiZ4Lit4Liy4Lir4Liy4Lij4LiZ4LmJ4Lit4LiH4LiT4Li1ICjguYPguJnguJXguLHguKfguYDguKHguLfguK3guIfguIjguLHguIfguKvguKfguLHguJTguKrguJXguLnguKUp!5e0!3m2!1sth!2sth!4v1747889538195!5m2!1sth!2sth', 6.7336100, 99.9192479),
(123, 'ระย้า', 'ร้านอาหารพื้นเมืองภูเก็ตในบ้านสไตล์ชิโน-โปรตุกีสอายุกว่า 100 ปี สะท้อนความเป็นภูเก็ตแท้ ๆ ทั้งสถาปัตยกรรม การตกแต่ง และรสชาติอาหาร\r\n\r\nเมนูแนะนำ: แกงปูใบชะพลู, หมูฮ้อง, น้ำพริกกุ้งเสียบ\r\n\r\nบริการ: การให้บริการแบบเต็มรูปแบบ (Full-Service Restaurant)\r\n\r\nเวลาเปิดร้าน: ทุกวัน 10.00 - 22.00', 0.00, '/uploads/south/img_1747889595201_2c0e5b17-ceb2-412a-a2c8-26af16a0ef18.jpg', 'south', '2025-05-22 04:53:15', 'https://www.google.com/maps/embed?pb=!1m18!1m12!1m3!1d3952.0880979147273!2d98.3909338!3d7.885851500000001!2m3!1f0!2f0!3f0!3m2!1i1024!2i768!4f13.1!3m3!1m2!1s0x305031f6f884ed11%3A0xdc6ba8750790f371!2z4Lij4LmJ4Liy4LiZ4Lit4Liy4Lir4Liy4LijIOC4o-C4sOC4ouC5ieC4sg!5e0!3m2!1sth!2sth!4v1747889583509!5m2!1sth!2sth', 7.8858515, 98.3909338),
(124, 'โกเบ๊นซ์', 'ร้านข้าวต้มเจ้าดังของภูเก็ต เปิดมากว่า 20 ปี เมนูเด็ดคือข้าวต้มหมูสูตรพิเศษ น้ำซุปพริกไทย และก๋วยจั๊บ เมนูหมดไวเพราะความนิยมสูง\r\n\r\nเมนูแนะนำ: ข้าวต้มแห้ง, เกาเหลาเลือดหมู\r\n\r\nบริการ: การให้บริการแบบเต็มรูปแบบ (Full-Service Restaurant)\r\n\r\nเวลาเปิดร้าน: อังคาร - พฤหัสบดี 17.30 - 23.59 / ศุกร์ 17.30 - 23.30', 0.00, '/uploads/south/img_1747889638410_40922e18-1ee4-4b46-b713-4308aae2e3a2.jpg', 'south', '2025-05-22 04:53:58', 'https://www.google.com/maps/embed?pb=!1m18!1m12!1m3!1d3952.0987852014227!2d98.3825828!3d7.88473280000001!2m3!1f0!2f0!3f0!3m2!1i1024!2i768!4f13.1!3m3!1m2!1s0x305031e5906dc545%3A0xc039ca4579378a4!2z4LmC4LiB4LmA4Lia4LmK4LiZ4LiL4LmM4LiC4LmJ4Liy4Lin4LiV4LmJ4Lih4LmB4Lir4LmJ4LiH4Lig4Li54LmA4LiB4LmH4LiV!5e0!3m2!1sth!2sth!4v1747889633307!5m2!1sth!2sth', 7.8847328, 98.3825828),
(126, 'ล้านเพื่อน หมูกระทะ สาขา มทส.ประตู1', 'ร้านหมูกระทะใกล้ มทส', 0.00, '/uploads/northeastern/img_1747889979659_07acc9ad-8cf8-4a8b-bb2c-95e11c9f5a1f.jpg', 'northeastern', '2025-05-22 04:59:39', 'https://www.google.com/maps/embed?pb=!1m18!1m12!1m3!1d1179.9641076971336!2d102.03072104810701!3d14.88557192132356!2m3!1f0!2f0!3f0!3m2!1i1024!2i768!4f13.1!3m3!1m2!1s0x311ead8291a66b63%3A0xef967e0c232820f5!2z4Lil4LmJ4Liy4LiZ4LmA4Lie4Li34LmI4Lit4LiZIOC4q-C4oeC4ueC4geC4o-C4sOC4l-C4sCDguKrguLLguILguLIg4Lih4LiX4LiqLuC4m-C4o-C4sOC4leC4uTE!5e0!3m2!1sth!2sth!4v1747889920158!5m2!1sth!2sth', 14.8855719, 102.0307210),
(127, 'I MEAT U หมูกระทะบุฟเฟ่ต์', 'ร้านหมูกระทะใกล้ มทส', 0.00, '/uploads/northeastern/img_1747890029877_1e7bb58f-7492-4b51-a290-fe8a486fcdd4.jpg', 'northeastern', '2025-05-22 05:00:29', 'https://www.google.com/maps/embed?pb=!1m18!1m12!1m3!1d8409.10513946507!2d102.00965466205531!3d14.904087548232342!2m3!1f0!2f0!3f0!3m2!1i1024!2i768!4f13.1!3m3!1m2!1s0x311eb3f111d76895%3A0x64a2cad7ea3e44a1!2zSSBNRUFUIFUg4Lir4Lih4Li54LiB4Lij4Liw4LiX4Liw4Lia4Li44Lif4LmA4Lif4LmI4LiV4LmM!5e0!3m2!1sth!2sth!4v1747889994351!5m2!1sth!2sth', 14.9040875, 102.0096547),
(128, 'ครัวบ้านเป็ด', 'ร้านอาหารใกล้มทส', 0.00, '/uploads/northeastern/img_1747890058714_bb77b7c9-3a00-43e4-b3da-58ddd64b5eb3.jpg', 'northeastern', '2025-05-22 05:00:58', 'https://www.google.com/maps/embed?pb=!1m18!1m12!1m3!1d24481.659283771383!2d102.01380562573635!3d14.90252112677978!2m3!1f0!2f0!3f0!3m2!1i1024!2i768!4f13.1!3m3!1m2!1s0x311eb36b84f1c573%3A0x4a136ff8a64a8d32!2z4LiE4Lij4Lix4Lin4Lia4LmJ4Liy4LiZ4LmA4Lib4LmH4LiU!5e0!3m2!1sth!2sth!4v1747890036016!5m2!1sth!2sth', 14.9025211, 102.0138056);

-- --------------------------------------------------------

--
-- Table structure for table `restaurant_img`
--

CREATE TABLE `restaurant_img` (
  `id` int(11) NOT NULL,
  `restaurant_id` int(11) DEFAULT NULL,
  `image_url` varchar(255) DEFAULT NULL,
  `created_at` timestamp NOT NULL DEFAULT current_timestamp()
) ENGINE=InnoDB DEFAULT CHARSET=utf8 COLLATE=utf8_general_ci;

--
-- Dumping data for table `restaurant_img`
--

INSERT INTO `restaurant_img` (`id`, `restaurant_id`, `image_url`, `created_at`) VALUES
(17, 19, '/uploads/north/img_1745815553279.jpg', '2025-04-28 04:45:53'),
(19, 21, '/uploads/north/img_1745902418723.jpg', '2025-04-29 04:53:38'),
(45, 23, '/uploads/north/img_1745930163666.jpg', '2025-04-29 12:36:03'),
(46, 24, '/uploads/north/img_1745930191652.jpg', '2025-04-29 12:36:31'),
(47, 25, '/uploads/north/img_1745930209003.png', '2025-04-29 12:36:49'),
(48, 26, '/uploads/north/img_1745930230941.jpg', '2025-04-29 12:37:10'),
(49, 27, '/uploads/north/img_1745932931719.jpg', '2025-04-29 13:22:11'),
(50, 28, '/uploads/north/img_1745932946418.jpg', '2025-04-29 13:22:26'),
(84, 68, '/uploads/north/img_1747479090240.jpg', '2025-05-17 10:51:30'),
(85, 69, '/uploads/north/img_1747480745776.jpg', '2025-05-17 11:19:05'),
(86, 70, '/uploads/north/img_1747480818984.jpg', '2025-05-17 11:20:19'),
(87, 71, '/uploads/north/img_1747480873183.jpg', '2025-05-17 11:21:13'),
(88, 72, '/uploads/north/img_1747480935291.jpg', '2025-05-17 11:22:15'),
(89, 73, '/uploads/north/img_1747481001076.jpg', '2025-05-17 11:23:21'),
(90, 74, '/uploads/north/img_1747481055806.jpg', '2025-05-17 11:24:15'),
(91, 75, '/uploads/northeastern/img_1747483377534.jpg', '2025-05-17 12:02:57'),
(92, 75, '/uploads/northeastern/img_1747483377532.jpg', '2025-05-17 12:02:57'),
(93, 75, '/uploads/northeastern/img_1747483377536.jpg', '2025-05-17 12:02:57'),
(94, 75, '/uploads/northeastern/img_1747483377535.jpg', '2025-05-17 12:02:57'),
(95, 76, '/uploads/northeastern/img_1747821843510.jpg', '2025-05-21 10:04:03'),
(96, 76, '/uploads/northeastern/img_1747821843513.jpg', '2025-05-21 10:04:03'),
(97, 76, '/uploads/northeastern/img_1747821843514.jpg', '2025-05-21 10:04:03'),
(98, 77, '/uploads/northeastern/img_1746616943039.jpg', '2025-05-21 10:05:15'),
(99, 77, '/uploads/northeastern/img_1747821915402.jpg', '2025-05-21 10:05:15'),
(100, 77, '/uploads/northeastern/img_1747821915403.jpg', '2025-05-21 10:05:15'),
(136, 89, '/uploads/northeastern/img_1747863371427_0f9ff4a1-b07b-48f8-b420-5ad7fd609b25.jpg', '2025-05-21 21:36:11'),
(137, 89, '/uploads/northeastern/img_1747863371431_984d333c-d8cb-4314-baca-21392cd7d60b.jpg', '2025-05-21 21:36:11'),
(138, 89, '/uploads/northeastern/img_1747863371433_769fef6a-64f5-453b-8679-e711f2b161d3.jpg', '2025-05-21 21:36:11'),
(139, 90, '/uploads/northeastern/img_1747863425855_c816f641-552c-4ce4-a64f-de997d36b72e.jpg', '2025-05-21 21:37:05'),
(140, 90, '/uploads/northeastern/img_1747863425856_119b1dfa-b395-4901-84d4-e14d1f4c6af0.jpg', '2025-05-21 21:37:05'),
(141, 90, '/uploads/northeastern/img_1747863425858_39c54b24-cb49-411e-bac0-50a8e8a428f3.jpg', '2025-05-21 21:37:05'),
(142, 91, '/uploads/northeastern/img_1747863485345_f38907b7-8b54-4cbb-bfae-2e6a5bced594.jpg', '2025-05-21 21:38:05'),
(143, 91, '/uploads/northeastern/img_1747863485346_f4bc9897-2f93-4646-9dd4-0755bacad7c2.jpg', '2025-05-21 21:38:05'),
(144, 91, '/uploads/northeastern/img_1747863485347_f07c919c-9741-4957-8422-6ce0b2e386b9.jpg', '2025-05-21 21:38:05'),
(145, 92, '/uploads/northeastern/img_1747863591353_e439c5a3-2a7b-41fd-bfa4-5cb1e010be7c.jpg', '2025-05-21 21:39:51'),
(146, 92, '/uploads/northeastern/img_1747863591354_0365ae3a-ce6e-4b1c-91dc-9bed9d30ae9e.jpg', '2025-05-21 21:39:51'),
(147, 92, '/uploads/northeastern/img_1747863591361_0cd84234-7754-4026-98f1-76d6d2cbd8a8.jpg', '2025-05-21 21:39:51'),
(148, 93, '/uploads/northeastern/img_1747863643981_379129b2-288d-4656-854c-f7edf5512c52.jpg', '2025-05-21 21:40:43'),
(149, 93, '/uploads/northeastern/img_1747863643983_0d0ca6be-9894-4a25-8249-a554410fc1ee.jpg', '2025-05-21 21:40:43'),
(150, 93, '/uploads/northeastern/img_1747863643984_249d8910-fe64-4f80-9c07-8c2e6896b5d5.jpg', '2025-05-21 21:40:43'),
(151, 94, '/uploads/northeastern/img_1747863802249_bd9476c9-f36a-4b14-b680-595a3b4e62fd.jpg', '2025-05-21 21:43:22'),
(152, 94, '/uploads/northeastern/img_1747863802250_60e9e69e-d03a-4182-874c-7b80b043a25c.jpg', '2025-05-21 21:43:22'),
(153, 94, '/uploads/northeastern/img_1747863802251_2e519c74-4b93-48b7-8252-6249bb4d66ef.jpg', '2025-05-21 21:43:22'),
(154, 95, '/uploads/northeastern/img_1747863856745_149d4ff8-1175-4cbf-b313-923e49dd16d7.jpg', '2025-05-21 21:44:16'),
(155, 95, '/uploads/northeastern/img_1747863856747_f9e7152d-4779-469f-adbb-678c15372a45.jpg', '2025-05-21 21:44:16'),
(156, 95, '/uploads/northeastern/img_1747863856748_ae8e7266-03b5-4372-9f07-0aa0bf3ebde3.jpg', '2025-05-21 21:44:16'),
(157, 96, '/uploads/northeastern/img_1747863904556_bc9e6ca9-afbd-4d22-b1d3-af65413e2651.jpg', '2025-05-21 21:45:04'),
(158, 96, '/uploads/northeastern/img_1747863904557_bdbe9f80-1e7c-45b0-943f-47b8b4b0cf86.jpg', '2025-05-21 21:45:04'),
(159, 96, '/uploads/northeastern/img_1747863904558_b66d1785-c1a2-4694-ab66-1146bce625d6.jpg', '2025-05-21 21:45:04'),
(160, 97, '/uploads/northeastern/img_1747864252080_f6a25861-7876-4d35-a565-98d945a8bbd5.jpg', '2025-05-21 21:50:52'),
(161, 97, '/uploads/northeastern/img_1747864252081_7ccae4b9-ec54-4dc1-89cb-12c994161ddf.jpg', '2025-05-21 21:50:52'),
(162, 97, '/uploads/northeastern/img_1747864252082_b6a074b8-2a37-4ad7-b9e0-16cc7976218e.jpg', '2025-05-21 21:50:52'),
(163, 98, '/uploads/northeastern/img_1747864320519_2c27cb4a-7533-4e5c-8bdb-ae4358e90c0b.jpg', '2025-05-21 21:52:00'),
(164, 98, '/uploads/northeastern/img_1747864320520_d9fe1b33-309f-4eda-95b8-24f8aca60d45.jpg', '2025-05-21 21:52:00'),
(165, 98, '/uploads/northeastern/img_1747864320521_cfb89e29-d5cd-4924-a6ad-eba7d388130f.jpg', '2025-05-21 21:52:00'),
(166, 99, '/uploads/northeastern/img_1747864387240_bc645897-cf9b-42b0-8111-2773d7030604.jpg', '2025-05-21 21:53:07'),
(167, 99, '/uploads/northeastern/img_1747864387241_40aaeb2a-0204-42bf-a1ac-67b581b5fc0a.jpg', '2025-05-21 21:53:07'),
(168, 99, '/uploads/northeastern/img_1747864387242_546d5b7b-5269-44a2-ab60-31e46f6f0fd2.jpg', '2025-05-21 21:53:07'),
(169, 100, '/uploads/northeastern/img_1747864445023_dd677570-097a-4634-9eae-8734b1917e87.jpg', '2025-05-21 21:54:05'),
(170, 100, '/uploads/northeastern/img_1747864445024_c8927887-2f13-404f-9d9e-32c3772a47ec.jpg', '2025-05-21 21:54:05'),
(171, 100, '/uploads/northeastern/img_1747864445026_4b1de6b2-4375-4bf8-89a6-866849475667.jpg', '2025-05-21 21:54:05'),
(172, 101, '/uploads/central/img_1747865379140_adf8c308-fd53-4575-b76b-4a94c40062d7.jpg', '2025-05-21 22:09:39'),
(173, 101, '/uploads/central/img_1747865379142_4f451e16-1f93-4e75-af03-bbe68c6efda7.jpg', '2025-05-21 22:09:39'),
(174, 101, '/uploads/central/img_1747865379145_fabacbf9-256a-41d1-b541-ac8b0ae5a3b8.jpg', '2025-05-21 22:09:39'),
(175, 102, '/uploads/central/img_1747865436424_b8fcfa4b-9636-4171-8d5f-c95cbcfc7d1c.jpg', '2025-05-21 22:10:36'),
(176, 102, '/uploads/central/img_1747865436426_d3e3012a-185c-43c9-87f7-6f68f9d7af6e.jpg', '2025-05-21 22:10:36'),
(177, 102, '/uploads/central/img_1747865436428_fd53a415-647b-4af5-8a42-aef57c98e32a.jpg', '2025-05-21 22:10:36'),
(178, 103, '/uploads/central/img_1747865481014_e8300a2e-9f0e-47d6-b8a2-7312ae1584de.jpg', '2025-05-21 22:11:21'),
(179, 103, '/uploads/central/img_1747865481022_0d4b9192-e342-4bf0-95c7-c0133ac55ece.jpg', '2025-05-21 22:11:21'),
(180, 103, '/uploads/central/img_1747865481025_e2ce2bf6-f17d-4b69-9f9b-d7a5e0ab34d3.jpg', '2025-05-21 22:11:21'),
(181, 104, '/uploads/central/img_1747865522875_982ba271-4660-41a0-b1d4-6a5d1d294b42.jpg', '2025-05-21 22:12:02'),
(182, 104, '/uploads/central/img_1747865522883_07407453-2628-4cb1-9799-54f15346c4db.jpg', '2025-05-21 22:12:02'),
(183, 104, '/uploads/central/img_1747865522886_3675d021-e6a7-405a-beeb-74497e281bbb.jpg', '2025-05-21 22:12:02'),
(184, 105, '/uploads/central/img_1747865569668_79c0a8c3-f898-4423-8a67-77720c5b18ad.jpg', '2025-05-21 22:12:49'),
(185, 105, '/uploads/central/img_1747865569670_3d8a792b-e2d3-422a-b129-9eb8de336565.jpg', '2025-05-21 22:12:49'),
(186, 105, '/uploads/central/img_1747865569674_7578c70c-ce24-42a6-a4df-a4ebca22ce37.jpg', '2025-05-21 22:12:49'),
(187, 106, '/uploads/central/img_1747865624399_5c9c0265-6cdd-4e45-aaa9-8f152e8f4426.jpg', '2025-05-21 22:13:44'),
(188, 106, '/uploads/central/img_1747865624408_790f395a-6952-449c-b2a2-db4145e01cb5.jpg', '2025-05-21 22:13:44'),
(189, 106, '/uploads/central/img_1747865624411_665cec81-3d38-49f4-a63c-e621b58e945e.jpg', '2025-05-21 22:13:44'),
(190, 107, '/uploads/central/img_1747865734882_d895e226-147a-46e1-b2e3-0c9152ada482.jpg', '2025-05-21 22:15:34'),
(191, 107, '/uploads/central/img_1747865734891_0da15331-d15a-4317-ba76-431b38a6c975.jpg', '2025-05-21 22:15:34'),
(192, 107, '/uploads/central/img_1747865734893_639bfae1-0a07-4f7b-9c44-b1c23768673c.jpg', '2025-05-21 22:15:34'),
(193, 108, '/uploads/central/img_1747865784620_c371c925-40ab-4367-b2b5-0486f04e0e0a.jpg', '2025-05-21 22:16:24'),
(194, 108, '/uploads/central/img_1747865784628_a8fa183f-e3d3-4984-a949-ff0b3ffffcd9.jpg', '2025-05-21 22:16:24'),
(195, 108, '/uploads/central/img_1747865784631_a1367d92-2d42-4b16-83c4-a9bf66bc16bf.jpg', '2025-05-21 22:16:24'),
(196, 109, '/uploads/central/img_1747865822433_57b3037f-7bdb-4772-b4a8-6085acfbf841.jpg', '2025-05-21 22:17:02'),
(197, 109, '/uploads/central/img_1747865822434_6e0abb42-65bd-4bb1-887d-a63f3748248c.jpg', '2025-05-21 22:17:02'),
(198, 109, '/uploads/central/img_1747865822443_4fb9159e-ee66-458b-899a-795db80ab4e9.jpg', '2025-05-21 22:17:02'),
(199, 110, '/uploads/central/img_1747865870499_c07de666-a558-49b0-a568-919e8181d03d.jpg', '2025-05-21 22:17:50'),
(200, 110, '/uploads/central/img_1747865870506_8217b334-f642-452f-b07d-41f81bb15c60.jpg', '2025-05-21 22:17:50'),
(201, 110, '/uploads/central/img_1747865870509_a89bea64-e2c6-4170-9e04-581c2584376d.jpg', '2025-05-21 22:17:50'),
(202, 111, '/uploads/central/img_1747865912250_438ff32a-e2f2-46bf-a0b5-2276dc8b2a5a.jpg', '2025-05-21 22:18:32'),
(203, 111, '/uploads/central/img_1747865912252_18fb37e5-04e6-48c4-811c-95e0eff820d1.jpg', '2025-05-21 22:18:32'),
(204, 111, '/uploads/central/img_1747865912254_4911ddaf-80ac-4c5b-bf88-0bc3ce75deb9.jpg', '2025-05-21 22:18:32'),
(205, 112, '/uploads/central/img_1747866010881_c5dfe8dd-0aea-431c-b0ce-fb99bf3d852c.jpg', '2025-05-21 22:20:10'),
(206, 112, '/uploads/central/img_1747866010890_8bc17fd8-f0a2-4076-a4c3-610f22abbc59.jpg', '2025-05-21 22:20:10'),
(207, 112, '/uploads/central/img_1747866010892_c43472ba-7e80-4402-b101-2a5acd6efc58.jpg', '2025-05-21 22:20:10'),
(208, 113, '/uploads/central/img_1747866054248_6f995614-8199-405e-97e3-a4e57816a4b3.jpg', '2025-05-21 22:20:54'),
(209, 113, '/uploads/central/img_1747866054255_179821df-f7cb-4aba-8bcf-abeee354536b.jpg', '2025-05-21 22:20:54'),
(210, 113, '/uploads/central/img_1747866054257_4de55883-5a46-42d5-8c0c-e2d3d416e7fa.jpg', '2025-05-21 22:20:54'),
(211, 114, '/uploads/central/img_1747866089510_8b8ea20d-fe14-4404-8e40-3541b470b583.jpg', '2025-05-21 22:21:29'),
(212, 114, '/uploads/central/img_1747866089518_d458fabc-51f4-4cd9-9401-98d87e9997a2.jpg', '2025-05-21 22:21:29'),
(213, 114, '/uploads/central/img_1747866089520_0b25ac4b-d914-493f-997f-78d5476ed413.jpg', '2025-05-21 22:21:29'),
(214, 115, '/uploads/south/img_1747889094398_aa654fdd-022b-42e0-a48c-90ad99be6fe4.jpg', '2025-05-22 04:44:54'),
(215, 116, '/uploads/south/img_1747889224559_9409ab56-e1a3-474a-9d9a-c7f01d1248de.jpg', '2025-05-22 04:47:04'),
(216, 116, '/uploads/south/img_1747889224566_6a4f70c1-6a06-47d0-999d-2e7fe441c730.jpg', '2025-05-22 04:47:04'),
(217, 116, '/uploads/south/img_1747889224569_8bceba73-7c85-4b5f-a96a-724f1b17f015.jpg', '2025-05-22 04:47:04'),
(218, 117, '/uploads/south/img_1747889285237_79f4a10f-d819-4dbd-bf9d-fff143fe2557.jpg', '2025-05-22 04:48:05'),
(219, 117, '/uploads/south/img_1747889285244_507d79bd-a42f-406d-8d7c-1198393c3b0c.jpg', '2025-05-22 04:48:05'),
(220, 117, '/uploads/south/img_1747889285247_6e5d05ac-ea91-4bf5-ae82-255d9442d7f1.jpg', '2025-05-22 04:48:05'),
(221, 118, '/uploads/south/img_1747889341567_b4c76cb8-87ce-43d6-abc5-e388f6661fb1.jpg', '2025-05-22 04:49:01'),
(222, 118, '/uploads/south/img_1747889341569_9877a3f1-d8d1-4166-b6ad-8572f0beec1e.jpg', '2025-05-22 04:49:01'),
(223, 118, '/uploads/south/img_1747889341577_7231b511-29d6-473f-b4b9-3213d62fa1c2.jpg', '2025-05-22 04:49:01'),
(224, 119, '/uploads/south/img_1747889400299_2f559512-7e78-4961-9953-764f0aba4ff4.jpg', '2025-05-22 04:50:00'),
(225, 119, '/uploads/south/img_1747889400301_6fe2e7a4-d1f2-4638-a44f-229ce8a59ef1.jpg', '2025-05-22 04:50:00'),
(226, 119, '/uploads/south/img_1747889400303_03368aa0-3aea-481c-801f-2e23c960ae61.jpg', '2025-05-22 04:50:00'),
(227, 120, '/uploads/south/img_1747889457149_960cb37e-26bc-44b1-90e4-25071ab9e86c.jpg', '2025-05-22 04:50:57'),
(228, 120, '/uploads/south/img_1747889457157_4e11cf4c-5ca0-4124-a877-57213c0c0a39.jpg', '2025-05-22 04:50:57'),
(229, 120, '/uploads/south/img_1747889457159_f23a5252-da31-42dd-afd4-76b9ef050ffd.jpg', '2025-05-22 04:50:57'),
(230, 121, '/uploads/south/img_1747889495076_e4e3eeac-b138-45d2-acfe-ac6efc07e5c0.jpg', '2025-05-22 04:51:35'),
(231, 121, '/uploads/south/img_1747889495083_482cddc0-4e3d-434a-bb99-f8cac001a191.jpg', '2025-05-22 04:51:35'),
(232, 121, '/uploads/south/img_1747889495086_4afa7362-0a99-44cd-b770-75d992867b37.jpg', '2025-05-22 04:51:35'),
(233, 122, '/uploads/south/img_1747889544101_a7e30143-3d61-452b-b188-913809e3f18d.jpg', '2025-05-22 04:52:24'),
(234, 122, '/uploads/south/img_1747889544109_dcf0519a-9eeb-435e-8426-9a608a9f0496.jpg', '2025-05-22 04:52:24'),
(235, 122, '/uploads/south/img_1747889544115_3259d767-51d8-4e03-9901-166cba986c57.jpg', '2025-05-22 04:52:24'),
(236, 123, '/uploads/south/img_1747889595201_2c0e5b17-ceb2-412a-a2c8-26af16a0ef18.jpg', '2025-05-22 04:53:15'),
(237, 123, '/uploads/south/img_1747889595209_c1f421ea-bda3-43e7-8d8d-559ec0d1079f.jpg', '2025-05-22 04:53:15'),
(238, 123, '/uploads/south/img_1747889595211_9e06f468-3a08-4a66-a8d1-e7a09c69d79d.jpg', '2025-05-22 04:53:15'),
(239, 124, '/uploads/south/img_1747889638410_40922e18-1ee4-4b46-b713-4308aae2e3a2.jpg', '2025-05-22 04:53:58'),
(240, 124, '/uploads/south/img_1747889638418_682cf966-016d-4c20-9038-7930f4abd362.jpg', '2025-05-22 04:53:58'),
(241, 124, '/uploads/south/img_1747889638420_580e1001-6596-48fc-88d7-4c5b504695b6.jpg', '2025-05-22 04:53:58'),
(245, 126, '/uploads/northeastern/img_1747889979659_07acc9ad-8cf8-4a8b-bb2c-95e11c9f5a1f.jpg', '2025-05-22 04:59:39'),
(246, 126, '/uploads/northeastern/img_1747889979660_b7c5ddff-7bce-4239-a687-e6c87f376347.jpg', '2025-05-22 04:59:39'),
(247, 126, '/uploads/northeastern/img_1747889979661_5ee5a8a7-3428-4cbc-abb3-08d59c1ab452.jpg', '2025-05-22 04:59:39'),
(248, 127, '/uploads/northeastern/img_1747890029877_1e7bb58f-7492-4b51-a290-fe8a486fcdd4.jpg', '2025-05-22 05:00:29'),
(249, 127, '/uploads/northeastern/img_1747890029879_ca36d451-d6a9-4d60-82d1-dceda3fd63ca.jpg', '2025-05-22 05:00:29'),
(250, 127, '/uploads/northeastern/img_1747890029887_a52a22b2-75bb-4a58-a072-b70503c81271.jpg', '2025-05-22 05:00:29'),
(251, 128, '/uploads/northeastern/img_1747890058714_bb77b7c9-3a00-43e4-b3da-58ddd64b5eb3.jpg', '2025-05-22 05:00:58'),
(252, 128, '/uploads/northeastern/img_1747890058719_4b515069-4335-4a24-8103-0be1fbc70445.jpg', '2025-05-22 05:00:58'),
(253, 128, '/uploads/northeastern/img_1747890058723_b2fd2fb2-8da2-48d2-a10c-c6cb70409caa.jpg', '2025-05-22 05:00:58');

-- --------------------------------------------------------

--
-- Table structure for table `restaurant_reviews`
--

CREATE TABLE `restaurant_reviews` (
  `id` int(11) NOT NULL,
  `restaurant_id` int(11) NOT NULL,
  `score` int(11) NOT NULL,
  `comment` text DEFAULT NULL,
  `created_at` timestamp NOT NULL DEFAULT current_timestamp()
) ENGINE=InnoDB DEFAULT CHARSET=utf8 COLLATE=utf8_general_ci;

--
-- Triggers `restaurant_reviews`
--
DELIMITER $$
CREATE TRIGGER `update_score_after_delete` AFTER DELETE ON `restaurant_reviews` FOR EACH ROW BEGIN
    DECLARE avg_score FLOAT;

    -- คำนวณค่าเฉลี่ยของคะแนนจากรีวิวทั้งหมดของร้านที่มีการลบ
    SELECT AVG(score) INTO avg_score
    FROM restaurant_reviews
    WHERE restaurant_id = OLD.restaurant_id;

    -- อัปเดตค่าเฉลี่ยไปยังตาราง restaurant
    UPDATE restaurant
    SET score = avg_score
    WHERE id = OLD.restaurant_id;
END
$$
DELIMITER ;
DELIMITER $$
CREATE TRIGGER `update_score_after_insert` AFTER INSERT ON `restaurant_reviews` FOR EACH ROW BEGIN
    DECLARE avg_score FLOAT;

    -- คำนวณค่าเฉลี่ยของคะแนนจากรีวิวทั้งหมดของร้านที่เพิ่งเพิ่ม
    SELECT AVG(score) INTO avg_score
    FROM restaurant_reviews
    WHERE restaurant_id = NEW.restaurant_id;

    -- อัปเดตค่าเฉลี่ยไปยังตาราง restaurant
    UPDATE restaurant
    SET score = avg_score
    WHERE id = NEW.restaurant_id;
END
$$
DELIMITER ;
DELIMITER $$
CREATE TRIGGER `update_score_after_update` AFTER UPDATE ON `restaurant_reviews` FOR EACH ROW BEGIN
    DECLARE avg_score FLOAT;

    -- คำนวณค่าเฉลี่ยของคะแนนจากรีวิวทั้งหมดของร้านที่มีการแก้ไข
    SELECT AVG(score) INTO avg_score
    FROM restaurant_reviews
    WHERE restaurant_id = NEW.restaurant_id;

    -- อัปเดตค่าเฉลี่ยไปยังตาราง restaurant
    UPDATE restaurant
    SET score = avg_score
    WHERE id = NEW.restaurant_id;
END
$$
DELIMITER ;

-- --------------------------------------------------------

--
-- Table structure for table `reviews`
--

CREATE TABLE `reviews` (
  `review_id` int(11) NOT NULL,
  `restaurant_id` int(11) NOT NULL,
  `user_id` int(11) NOT NULL,
  `rating` int(11) NOT NULL,
  `comment` text DEFAULT NULL,
  `created_at` timestamp NOT NULL DEFAULT current_timestamp()
) ENGINE=InnoDB DEFAULT CHARSET=utf8 COLLATE=utf8_general_ci;

--
-- Dumping data for table `reviews`
--

INSERT INTO `reviews` (`review_id`, `restaurant_id`, `user_id`, `rating`, `comment`, `created_at`) VALUES
(2, 19, 9, 5, 'ok', '2025-05-20 10:12:00'),
(7, 21, 21, 5, 'อร่อยดีมากๆ', '2025-05-22 05:53:30');

-- --------------------------------------------------------

--
-- Table structure for table `users`
--

CREATE TABLE `users` (
  `id` int(11) NOT NULL,
  `user` varchar(15) NOT NULL,
  `name` varchar(10) NOT NULL,
  `password` varchar(60) NOT NULL,
  `mail` varchar(50) NOT NULL,
  `pic` varchar(50) NOT NULL,
  `permission` varchar(10) NOT NULL DEFAULT 'user'
) ENGINE=InnoDB DEFAULT CHARSET=utf8 COLLATE=utf8_general_ci;

--
-- Dumping data for table `users`
--

INSERT INTO `users` (`id`, `user`, `name`, `password`, `mail`, `pic`, `permission`) VALUES
(1, 'test1', 'testder', '123', '123@gmail.com', '/a.png', ''),
(9, '11', '555555', '$2b$10$odC91koKeD6z6hN9n7hC5O9DE8E7UydEmiS2gXWkyAavlJrXzRwti', '11@gmail.com', 'profile4.png', 'admin'),
(10, 'How', 'How', '$2b$10$BGhBwWUnU/5G2Zi25sd8YeDMGpLacHcnJIe7afs7TFBMfTxO4a2Mi', 'admin', 'profile4.png', 'admin'),
(11, 'Tester', 'Tester', '$2b$10$l5c8morlPCjdisXAlAjahOFdyDtkNfCBvgQMWml2PgjwN8ggMErF2', '1@g.com', 'profile1.png', 'user'),
(13, 'tester', 'tester', '$2b$10$Vq3ofMOhGpXqGGhJJJEOrO2MqOCEbFSnqIlUtrIJdReyoPZeVFr7q', 'test@gmail.com', 'profile2.png', 'user'),
(21, 'Gap', 'Gap', '$2b$10$8SXedQ3a0hPQvJuVhkzTjOFH.cwrdhSr.l9kqpuZuF9uVX0bwuqvm', 'Rachata.gap@gmail.com', 'profile4.png', 'user');

--
-- Indexes for dumped tables
--

--
-- Indexes for table `comments`
--
ALTER TABLE `comments`
  ADD PRIMARY KEY (`id`),
  ADD KEY `post_id` (`post_id`),
  ADD KEY `user_id` (`user_id`);

--
-- Indexes for table `contact`
--
ALTER TABLE `contact`
  ADD PRIMARY KEY (`id`),
  ADD KEY `restaurant_id` (`restaurant_id`);

--
-- Indexes for table `favorites`
--
ALTER TABLE `favorites`
  ADD PRIMARY KEY (`id`),
  ADD UNIQUE KEY `unique_favorite` (`user_id`,`restaurant_id`),
  ADD KEY `restaurant_id` (`restaurant_id`);

--
-- Indexes for table `likes`
--
ALTER TABLE `likes`
  ADD PRIMARY KEY (`id`),
  ADD KEY `user_id` (`user_id`),
  ADD KEY `post_id` (`post_id`);

--
-- Indexes for table `notifications`
--
ALTER TABLE `notifications`
  ADD PRIMARY KEY (`notification_id`),
  ADD KEY `user_id` (`user_id`);

--
-- Indexes for table `posts`
--
ALTER TABLE `posts`
  ADD PRIMARY KEY (`id`),
  ADD KEY `user_id` (`user_id`);

--
-- Indexes for table `post_images`
--
ALTER TABLE `post_images`
  ADD PRIMARY KEY (`id`),
  ADD KEY `post_id` (`post_id`);

--
-- Indexes for table `reports`
--
ALTER TABLE `reports`
  ADD PRIMARY KEY (`report_id`),
  ADD KEY `post_id` (`post_id`),
  ADD KEY `user_id` (`user_id`),
  ADD KEY `reviewed_by` (`reviewed_by`);

--
-- Indexes for table `restaurant`
--
ALTER TABLE `restaurant`
  ADD PRIMARY KEY (`id`);

--
-- Indexes for table `restaurant_img`
--
ALTER TABLE `restaurant_img`
  ADD PRIMARY KEY (`id`),
  ADD KEY `restaurant_id` (`restaurant_id`);

--
-- Indexes for table `restaurant_reviews`
--
ALTER TABLE `restaurant_reviews`
  ADD PRIMARY KEY (`id`),
  ADD KEY `restaurant_id` (`restaurant_id`);

--
-- Indexes for table `reviews`
--
ALTER TABLE `reviews`
  ADD PRIMARY KEY (`review_id`),
  ADD KEY `restaurant_id` (`restaurant_id`),
  ADD KEY `user_id` (`user_id`);

--
-- Indexes for table `users`
--
ALTER TABLE `users`
  ADD PRIMARY KEY (`id`);

--
-- AUTO_INCREMENT for dumped tables
--

--
-- AUTO_INCREMENT for table `comments`
--
ALTER TABLE `comments`
  MODIFY `id` int(11) NOT NULL AUTO_INCREMENT, AUTO_INCREMENT=41;

--
-- AUTO_INCREMENT for table `contact`
--
ALTER TABLE `contact`
  MODIFY `id` int(11) NOT NULL AUTO_INCREMENT, AUTO_INCREMENT=74;

--
-- AUTO_INCREMENT for table `favorites`
--
ALTER TABLE `favorites`
  MODIFY `id` int(11) NOT NULL AUTO_INCREMENT, AUTO_INCREMENT=57;

--
-- AUTO_INCREMENT for table `likes`
--
ALTER TABLE `likes`
  MODIFY `id` int(11) NOT NULL AUTO_INCREMENT, AUTO_INCREMENT=39;

--
-- AUTO_INCREMENT for table `notifications`
--
ALTER TABLE `notifications`
  MODIFY `notification_id` int(11) NOT NULL AUTO_INCREMENT, AUTO_INCREMENT=23;

--
-- AUTO_INCREMENT for table `posts`
--
ALTER TABLE `posts`
  MODIFY `id` int(11) NOT NULL AUTO_INCREMENT, AUTO_INCREMENT=20;

--
-- AUTO_INCREMENT for table `post_images`
--
ALTER TABLE `post_images`
  MODIFY `id` int(11) NOT NULL AUTO_INCREMENT, AUTO_INCREMENT=21;

--
-- AUTO_INCREMENT for table `reports`
--
ALTER TABLE `reports`
  MODIFY `report_id` int(11) NOT NULL AUTO_INCREMENT, AUTO_INCREMENT=10;

--
-- AUTO_INCREMENT for table `restaurant`
--
ALTER TABLE `restaurant`
  MODIFY `id` int(11) NOT NULL AUTO_INCREMENT, AUTO_INCREMENT=131;

--
-- AUTO_INCREMENT for table `restaurant_img`
--
ALTER TABLE `restaurant_img`
  MODIFY `id` int(11) NOT NULL AUTO_INCREMENT, AUTO_INCREMENT=257;

--
-- AUTO_INCREMENT for table `restaurant_reviews`
--
ALTER TABLE `restaurant_reviews`
  MODIFY `id` int(11) NOT NULL AUTO_INCREMENT;

--
-- AUTO_INCREMENT for table `reviews`
--
ALTER TABLE `reviews`
  MODIFY `review_id` int(11) NOT NULL AUTO_INCREMENT, AUTO_INCREMENT=9;

--
-- AUTO_INCREMENT for table `users`
--
ALTER TABLE `users`
  MODIFY `id` int(11) NOT NULL AUTO_INCREMENT, AUTO_INCREMENT=22;

--
-- Constraints for dumped tables
--

--
-- Constraints for table `comments`
--
ALTER TABLE `comments`
  ADD CONSTRAINT `comments_ibfk_1` FOREIGN KEY (`post_id`) REFERENCES `posts` (`id`),
  ADD CONSTRAINT `comments_ibfk_2` FOREIGN KEY (`user_id`) REFERENCES `users` (`id`);

--
-- Constraints for table `contact`
--
ALTER TABLE `contact`
  ADD CONSTRAINT `contact_ibfk_1` FOREIGN KEY (`restaurant_id`) REFERENCES `restaurant` (`id`);

--
-- Constraints for table `favorites`
--
ALTER TABLE `favorites`
  ADD CONSTRAINT `favorites_ibfk_1` FOREIGN KEY (`user_id`) REFERENCES `users` (`id`) ON DELETE CASCADE,
  ADD CONSTRAINT `favorites_ibfk_2` FOREIGN KEY (`restaurant_id`) REFERENCES `restaurant` (`id`) ON DELETE CASCADE;

--
-- Constraints for table `likes`
--
ALTER TABLE `likes`
  ADD CONSTRAINT `likes_ibfk_1` FOREIGN KEY (`user_id`) REFERENCES `users` (`id`),
  ADD CONSTRAINT `likes_ibfk_2` FOREIGN KEY (`post_id`) REFERENCES `posts` (`id`);

--
-- Constraints for table `notifications`
--
ALTER TABLE `notifications`
  ADD CONSTRAINT `notifications_ibfk_1` FOREIGN KEY (`user_id`) REFERENCES `users` (`id`) ON DELETE CASCADE;

--
-- Constraints for table `posts`
--
ALTER TABLE `posts`
  ADD CONSTRAINT `posts_ibfk_1` FOREIGN KEY (`user_id`) REFERENCES `users` (`id`);

--
-- Constraints for table `post_images`
--
ALTER TABLE `post_images`
  ADD CONSTRAINT `post_images_ibfk_1` FOREIGN KEY (`post_id`) REFERENCES `posts` (`id`);

--
-- Constraints for table `reports`
--
ALTER TABLE `reports`
  ADD CONSTRAINT `reports_ibfk_1` FOREIGN KEY (`post_id`) REFERENCES `posts` (`id`) ON DELETE CASCADE,
  ADD CONSTRAINT `reports_ibfk_2` FOREIGN KEY (`user_id`) REFERENCES `users` (`id`) ON DELETE CASCADE,
  ADD CONSTRAINT `reports_ibfk_3` FOREIGN KEY (`reviewed_by`) REFERENCES `users` (`id`) ON DELETE SET NULL;

--
-- Constraints for table `restaurant_img`
--
ALTER TABLE `restaurant_img`
  ADD CONSTRAINT `restaurant_img_ibfk_1` FOREIGN KEY (`restaurant_id`) REFERENCES `restaurant` (`id`) ON DELETE CASCADE;

--
-- Constraints for table `restaurant_reviews`
--
ALTER TABLE `restaurant_reviews`
  ADD CONSTRAINT `restaurant_reviews_ibfk_1` FOREIGN KEY (`restaurant_id`) REFERENCES `restaurant` (`id`) ON DELETE CASCADE;

--
-- Constraints for table `reviews`
--
ALTER TABLE `reviews`
  ADD CONSTRAINT `reviews_ibfk_1` FOREIGN KEY (`restaurant_id`) REFERENCES `restaurant` (`id`),
  ADD CONSTRAINT `reviews_ibfk_2` FOREIGN KEY (`user_id`) REFERENCES `users` (`id`);
COMMIT;

/*!40101 SET CHARACTER_SET_CLIENT=@OLD_CHARACTER_SET_CLIENT */;
/*!40101 SET CHARACTER_SET_RESULTS=@OLD_CHARACTER_SET_RESULTS */;
/*!40101 SET COLLATION_CONNECTION=@OLD_COLLATION_CONNECTION */;
